Filename,Label,Contrast0,Contrast45,Contrast90,Contrast135,Homogeneity0,Homogeneity45,Homogeneity90,Homogeneity135,Dissimilarity0,Dissimilarity45,Dissimilarity90,Dissimilarity135,Entropy0,Entropy45,Entropy90,Entropy135,ASM0,ASM45,ASM90,ASM135,Energy0,Energy45,Energy90,Energy135,Correlation0,Correlation45,Correlation90,Correlation135
0001.jpg,Brokoli,3587.9296875,4518.0,2735.2734375,4878.0,0.9448231524697812,0.9305200996524468,0.9579356959139421,0.9249838526128009,14.0703125,17.71764705882353,10.7265625,19.129411764705882,0.8303842471948852,0.8689916190483984,0.792452238938848,0.8826402281516446,0.5179497903826051,0.5045140385924971,0.5297874174371034,0.4997776968341369,0.7196872865228378,0.7102915166271502,0.7278649719811384,0.7069495716344533,0.8716550303632631,0.8387286169896363,0.9021556672341811,0.8258783075864201
0002.jpg,Brokoli,747.0703125,918.0,494.0625,846.0,0.9885112060944853,0.9858825700489036,0.9924020776304863,0.9869898194568326,2.9296875,3.6,1.9375,3.3176470588235296,0.1721917721040418,0.18071529272756623,0.15886174816570725,0.17736998958048708,0.9366681098278006,0.9339085350457437,0.9404847749550954,0.9349857635272034,0.9678161549735572,0.9663894323955243,0.9697859428529038,0.9669466187578316,0.7789516277083808,0.7294076820630936,0.8538133431244758,0.7506306089601058
0003.jpg,Brokoli,830.7421875,1021.9999999999999,723.1640625,1108.0000000000002,0.9872244611770676,0.9842832097930059,0.9888788474994618,0.9829606618890907,3.2578125,4.007843137254902,2.8359375,4.345098039215688,0.16520715188701546,0.17408060721912771,0.16008667210623734,0.17767138450453396,0.9407355053119594,0.9376995619790158,0.9423503815014058,0.9364203166173483,0.9699152052174248,0.968348884431131,0.9707473314418155,0.9676881298317905,0.7261480515717804,0.6643842154064323,0.7616108938142836,0.6361425740414158
0004.jpg,Brokoli,519.9609375,712.0,541.875,738.0,0.9920037994417618,0.9890505336327008,0.9916667948205333,0.9886506935687263,2.0390625,2.792156862745098,2.125,2.8941176470588235,0.09194580660309692,0.10037662038520234,0.09294991692291915,0.1013929830788782,0.9710314045003725,0.9680524415460827,0.9706998979509083,0.9676615115500633,0.9854092573648638,0.9838965603893952,0.9852410354582823,0.9836978761540879,0.6198781848940595,0.4814978208210534,0.6038577252535792,0.4625637524802493
0005.jpg,Brokoli,1464.2578125,1634.0,960.234375,1828.0,0.9774819639451912,0.9748715898256082,0.9852330702334451,0.9718881678097991,5.7421875,6.407843137254902,3.765625,7.1686274509803924,0.48887993469403285,0.49849536494455815,0.46130368349637824,0.5079759541640951,0.748745604811701,0.7454979003284603,0.7562078216799129,0.7426732754281803,0.8653008753096816,0.8634222028234277,0.8696021053791859,0.8617849357166673,0.90177072593247,0.8907466233562944,0.9355829794550347,0.8777752922247893
0006.jpg,Brokoli,1452.3046875000002,2126.0,1585.78125,2040.0,0.9776657846476795,0.9673053855380924,0.9756131201365608,0.9686279334420078,5.695312500000001,8.337254901960785,6.21875,8.0,0.25058273933492037,0.27636758529824784,0.25598578587936605,0.2734152678324211,0.9023570120641702,0.8922815692837507,0.9004002216695501,0.8935194036659074,0.949924740210597,0.9446065685160943,0.9488942099462669,0.945261553045456,0.7053770530256324,0.5703228306347669,0.6782992238798401,0.5877039390851008
0007.jpg,Brokoli,3042.0703125,4362.000000000001,2765.15625,4192.0,0.9532176312167441,0.9329191400362933,0.9574761441577215,0.9355334789161258,11.9296875,17.10588235294118,10.84375,16.43921568627451,0.6909939247793763,0.7444070160679999,0.6789371390017415,0.7381082331399738,0.6250087284262663,0.6060688323081607,0.6288869834468714,0.6083392913824733,0.7905749353642995,0.7785042275467492,0.7930239488482498,0.7799610832486922,0.8584033426634913,0.797549291851974,0.871292625813311,0.8054393928114337
0008.jpg,Brokoli,2653.59375,3732.0,2591.8359375000005,3746.0,0.9591918040476117,0.942607572355673,0.9601415443438011,0.9423922738596868,10.40625,14.635294117647058,10.164062500000002,14.690196078431374,0.6039218802192964,0.6485622057967954,0.6012315336489243,0.6490883996617118,0.6865233774269512,0.670703723244882,0.6873965176029052,0.6705131815595723,0.8285670627215104,0.8189650317595264,0.8290937930071032,0.8188486927140889,0.8512435621705537,0.7914464223476494,0.8547056113993172,0.7906640670188357
0009.jpg,Brokoli,2559.9609375,3820.0,2579.8828125000005,3866.0,0.9606317328837697,0.9412542675237598,0.9603253650462893,0.940546858179805,10.0390625,14.980392156862745,10.117187500000002,15.16078431372549,0.7118348380088486,0.7671655125373982,0.7127597403235253,0.7689968850031343,0.5962395824885562,0.5777857165219481,0.5959574268873451,0.5771619138588786,0.7721655149568364,0.7601221721025825,0.771982789242963,0.7597117307629774,0.89241756511381,0.8398920046076769,0.8915803477216993,0.8379640025689212
0010.jpg,Brokoli,918.3984375,1196.0,691.2890625,1026.0,0.9858764426921538,0.9816073570571772,0.9893690360394304,0.9842216959370099,3.6015625,4.690196078431372,2.7109375,4.023529411764706,0.17708511373116384,0.1893721716879585,0.16623016711397287,0.18225786039231012,0.9356682239665934,0.9313454859360425,0.9390744108898922,0.9338705278379755,0.9672994489642768,0.9650624259269669,0.9690585177840872,0.9663697676552053,0.7198079768931854,0.6365026380491561,0.7890962429109227,0.6881703232762827
0011.jpg,Brokoli,804.84375,938.0,625.546875,1148.0,0.9876227393657921,0.9855750007689232,0.9903800499031157,0.9823455233291299,3.15625,3.6784313725490194,2.453125,4.5019607843137255,0.23269428160556138,0.2400542225586338,0.2229328737014288,0.25015668255357193,0.905334869701557,0.9030332980793919,0.9080315676362457,0.8999073741046275,0.9514908668513623,0.9502806417471588,0.9529069039713406,0.9486344786611055,0.8498627029613843,0.8256761764103264,0.8833091305194919,0.7866484547111461
0012.jpg,Brokoli,2625.703125,3744.0,2354.765625,4006.0,0.9596207190200843,0.942423030787685,0.9637873216098176,0.9383938732199428,10.296875,14.682352941176472,9.234375,15.709803921568627,0.6526891307683176,0.7004091444844502,0.6403284506725425,0.7104332832202959,0.647255784283689,0.6308106698381911,0.6511033128784601,0.6272616725504534,0.804522084397743,0.7942359031409945,0.8069097303158886,0.7919985306491758,0.8713994769971811,0.8171706068645724,0.8846693336954993,0.8043764559560568
0013.jpg,Brokoli,2281.0546875,3626.0,2169.4921875,3152.0,0.964920882608495,0.9442376895395688,0.9666365424983852,0.9515270814751023,8.9453125,14.219607843137254,8.5078125,12.36078431372549,0.557974481302584,0.6141149583264403,0.5528957028337682,0.5958811084819213,0.714399984287143,0.6947799039230319,0.7159982427694576,0.701309573152372,0.8452218550695095,0.8335345847192136,0.8461667937052704,0.8374422804900479,0.8606572960604749,0.7792138820039837,0.867472310401622,0.8080756084050074
0014.jpg,Brokoli,2868.75,3900.0,2878.7109375,4578.0,0.9558830314028235,0.9400239904038384,0.9557298474840833,0.9295973918125058,11.25,15.294117647058822,11.2890625,17.95294117647059,0.5043973029491077,0.542520083575784,0.5047840050989538,0.5640962238141118,0.7624303227724913,0.7475504640882067,0.7622906764000025,0.738483152473962,0.8731725618527482,0.8646100069327249,0.8730925932568678,0.8593504247243741,0.7742169447277685,0.694104238202471,0.773432975785851,0.6409254365361312
0015.jpg,Brokoli,3.984375000000001,4.0,3.984375000000001,4.0,0.9999387264325039,0.999938486144004,0.9999387264325039,0.999938486144004,0.015625000000000003,0.015686274509803925,0.015625000000000003,0.015686274509803925,0.0006981166158821356,0.0007006135579684851,0.0006981166158821356,0.0007006135579684851,0.9998774566122406,0.9998769760721078,0.9998774566122406,0.9998769760721078,0.999938726428895,0.9999384861440767,0.999938726428895,0.9999384861440767,-3.0638193572107e-05,-3.075834704642973e-05,-3.0638193572107e-05,-3.075834704642973e-05
0016.jpg,Brokoli,1800.9375,2658.0,1914.4921875,3096.0,0.9723043474917725,0.9591240426906161,0.9705580508181343,0.9523882754590471,7.0625,10.423529411764706,7.5078125,12.141176470588235,0.5396105776112305,0.5798683131727906,0.5451295679024432,0.5979960719521777,0.7180924408768563,0.7049929664469688,0.7164458996201882,0.6988531463884075,0.8474033519386481,0.839638592757008,0.8464312728273857,0.8359743694566284,0.891378792230228,0.840201832153026,0.8845298886429747,0.8138694026884004
0017.jpg,Brokoli,0.0,0.0,0.0,0.0,1.0,1.0,1.0,1.0,0.0,0.0,0.0,0.0,0.0,0.0,0.0,0.0,1.0,1.0,1.0,1.0,1.0,1.0,1.0,1.0,1.0,1.0,1.0,1.0
0018.jpg,Brokoli,1263.046875,1854.0,1390.546875,2196.0000000000005,0.9805762791037431,0.9714883277458247,0.9786155249438686,0.9662288930581615,4.953125,7.270588235294118,5.453125,8.611764705882356,0.33237093742744506,0.3599739539984187,0.33849927641182403,0.37393681635905546,0.8529063979298828,0.8437890265788112,0.8510256309171953,0.838857093292572,0.9235293162265521,0.9185798966768275,0.9225105045023582,0.9158914200343685,0.8483053990357582,0.7781362487554568,0.832992379380062,0.7372099257103468
0019.jpg,Brokoli,1683.3984375,2526.0,1468.2421875,2300.0,0.9741119177329068,0.9611539999384862,0.9774206903776951,0.9646295328022637,6.6015625,9.905882352941177,5.7578125,9.019607843137255,0.605555615496651,0.6474984581855432,0.5941536965584542,0.6370752414402229,0.6622848042594794,0.649235819364421,0.6654332552759156,0.6524534559727049,0.8138088253757632,0.8057517107424724,0.8157409241149518,0.8077459105267601,0.9171560485588202,0.8760584062016447,0.927744387914616,0.8871474007378395
0020.jpg,Brokoli,1557.8906250000002,2294.0,1593.7500000000002,2598.0,0.9760420351090333,0.9647218035862579,0.9754905730015686,0.960046750530557,6.109375000000001,8.996078431372549,6.250000000000001,10.188235294117648,0.4423123943613457,0.476824144450931,0.44406299531886584,0.489434326547622,0.7847666499963958,0.7734554341844389,0.7842419081603231,0.7691320310512576,0.8858705605202126,0.8794631511237062,0.8855743380204302,0.8770017280776917,0.8751188120098491,0.8167437397605879,0.8722443089614824,0.792458690452488
0021.jpg,Brokoli,2880.703125,4052.0,2830.8984375000005,4666.0,0.9556992107003353,0.9376864638759881,0.9564651302940363,0.9282440869805924,11.296875,15.890196078431373,11.101562500000002,18.298039215686273,0.6698602294211575,0.7182877512960467,0.6676941077760356,0.7406345246764972,0.6388395426338428,0.6218085894565438,0.6395381968849122,0.6136320405557795,0.7992743850730128,0.7885484065398546,0.7997113209683305,0.7833466924394201,0.8610462101524862,0.8051210532222871,0.8634485924112606,0.7755910252554767
0022.jpg,Brokoli,693.28125,580.0,410.390625,982.0,0.9893383992556825,0.9910804908805709,0.9936888225479039,0.9848983483529665,2.71875,2.2745098039215685,1.609375,3.850980392156863,0.45843291457088065,0.45205618856413343,0.4393143262480011,0.4770414992583826,0.749893096724367,0.7508140918207752,0.7541697458797397,0.7447803610269672,0.8659636809499386,0.8664952924400543,0.8684294708724133,0.8630065822616692,0.9554941660215615,0.9628882823240519,0.9736545925300047,0.9371660228314117
0023.jpg,Brokoli,0.0,0.0,0.0,0.0,1.0,1.0,1.0,1.0,0.0,0.0,0.0,0.0,0.0,0.0,0.0,0.0,1.0,1.0,1.0,1.0,1.0,1.0,1.0,1.0,1.0,1.0,1.0,1.0
0024.jpg,Brokoli,0.0,0.0,0.0,0.0,1.0,1.0,1.0,1.0,0.0,0.0,0.0,0.0,0.0,0.0,0.0,0.0,1.0,1.0,1.0,1.0,1.0,1.0,1.0,1.0,1.0,1.0,1.0,1.0
0025.jpg,Brokoli,1396.5234375,1914.0,1298.90625,2024.0,0.9785236145926244,0.9705656199058837,0.9800248169962784,0.9688739888659921,5.4765625,7.5058823529411764,5.09375,7.937254901960784,0.6034662313208692,0.6317901318484811,0.5980223921330132,0.637259365224647,0.6553996218777033,0.6469021875920611,0.6568386182598039,0.6453129795256637,0.8095675523868922,0.8043022986365643,0.8104558089493862,0.8033137491202698,0.9336288099159312,0.9092999470878556,0.9382681655708806,0.9040873003687667
0026.jpg,Brokoli,1820.859375,2494.0,1518.046875,2542.0,0.9719979796542921,0.9616461107864547,0.9766547707839941,0.960907944514502,7.140625,9.780392156862746,5.953125,9.968627450980392,0.4518209331856545,0.4820873148780037,0.43735002776327314,0.4840488786594326,0.7830528560229238,0.7727324060881562,0.7874705979971646,0.772051398206794,0.8849027381712207,0.8790519928241766,0.887395401158449,0.8786645538581798,0.8524080344438245,0.7985416705341998,0.8769528689783309,0.7946643650753552
0027.jpg,Brokoli,348.6328125,464.0,376.5234375,596.0,0.9946385628440931,0.9928643927044567,0.9942096478716206,0.9908344354565867,1.3671875,1.8196078431372549,1.4765625,2.3372549019607844,0.13818892214581857,0.14530962265909514,0.13987493096803225,0.15246134942200598,0.9487740620719797,0.9468464119247898,0.9483499238198649,0.9448495151585297,0.9740503385718726,0.9730603331370515,0.9738325953775961,0.972033700629011,0.8831738952887133,0.8451073468779169,0.8738278069118104,0.801043057627669
0028.jpg,Brokoli,7.96875,8.0,7.96875,10.0,0.999877452865008,0.9998769722880079,0.999877452865008,0.9998462153600098,0.03125,0.03137254901960785,0.03125,0.0392156862745098,0.001496430661532734,0.001501757263479994,0.001496430661532734,0.0016106131919167315,0.999724291457162,0.9997232103525083,0.999724291457162,0.9996924614656681,0.9998621362253708,0.999861595598365,0.9998621362253708,0.999846218908522,0.1999387207966297,0.19993848046754845,0.1999387207966297,-7.68994155644417e-05
0029.jpg,Brokoli,551.8359375,808.0,649.453125,920.0,0.9915136109017931,0.9875742010887953,0.9900124084981392,0.9858518131209054,2.1640625,3.1686274509803924,2.546875,3.607843137254902,0.11873595221731714,0.13077996128849878,0.1234368753220208,0.13538202368562902,0.9600524240601572,0.9560737003379501,0.9585789326070502,0.9543970580031546,0.9798226492892258,0.977790212846268,0.979070443128098,0.9769324736148116,0.7308692864181875,0.6074521584326024,0.6832613262538958,0.5530395863341513
0030.jpg,Brokoli,800.8593750000001,1170.0,788.90625,1298.0,0.9876840129332882,0.9820071971211515,0.9878678336357765,0.9800387537292776,3.1406250000000004,4.588235294117648,3.09375,5.090196078431373,0.6005185924975347,0.6243252208341306,0.5997445752027162,0.6317322685803459,0.6362678754865918,0.6297921252007146,0.6364472048010381,0.6278983642318979,0.7976640116531469,0.7935944337006873,0.7977764127880932,0.7924003812668807,0.9649678320731954,0.9489613837056277,0.9654907002512074,0.9433776718375252
0031.jpg,Brokoli,0.0,0.0,0.0,0.0,1.0,1.0,1.0,1.0,0.0,0.0,0.0,0.0,0.0,0.0,0.0,0.0,1.0,1.0,1.0,1.0,1.0,1.0,1.0,1.0,1.0,1.0,1.0,1.0
0032.jpg,Brokoli,0.0,0.0,0.0,0.0,1.0,1.0,1.0,1.0,0.0,0.0,0.0,0.0,0.0,0.0,0.0,0.0,1.0,1.0,1.0,1.0,1.0,1.0,1.0,1.0,1.0,1.0,1.0,1.0
0033.jpg,Brokoli,31.875,56.0,37.8515625,20.0,0.9995098114600314,0.9991388060160551,0.9994179011087873,0.9996924307200198,0.125,0.2196078431372549,0.1484375,0.0784313725490196,0.0074739896033968025,0.00890354923136538,0.007856943873929672,0.006656247383841236,0.9983771082824213,0.9980021581620412,0.9982852950750613,0.9985551443039166,0.9991882246516025,0.9990005796605131,0.9991422796954702,0.9992773110122718,0.5673223305306441,0.2428123944711623,0.4861952675051398,0.7295758551682722
0034.jpg,Brokoli,33.8671875,150.0,143.4375,152.00000000000003,0.9994791746762833,0.9976932304001477,0.9977941515701412,0.9976624734721498,0.1328125,0.5882352941176471,0.5625,0.5960784313725491,0.07046521049315757,0.07979174840183778,0.07911619344192625,0.0799304605110736,0.9749711827707491,0.9730953625768103,0.9732907284007353,0.973064748024486,0.987406290627495,0.9864559607893352,0.9865549799178631,0.9864404432222383,0.9787486571417082,0.9062394559941861,0.9099943126001758,0.9049893154074419
0035.jpg,Brokoli,1970.2734375,2968.0,1832.8125,2638.0,0.9697002208731893,0.9543567188509211,0.9718141589518039,0.9594316119705965,7.7265625,11.63921568627451,7.1875,10.345098039215687,0.38198284290467566,0.42090115045215104,0.3761134201463723,0.40909278933939575,0.8315293974034927,0.8168500089797774,0.8335197292094688,0.8214874516810367,0.9118823374775349,0.9037975486688252,0.9129730166929737,0.9063594494906735,0.7821512684389875,0.6730124976956007,0.7973500171525465,0.7093689248386101
0036.jpg,Brokoli,780.9375,1092.0000000000002,727.1484375,1212.0,0.9879903807707686,0.983206717313075,0.9888175739319657,0.9813613016331929,3.0625,4.282352941176471,2.8515625,4.752941176470588,0.23489790333079547,0.2510723655631105,0.23200738277260535,0.2566638879469145,0.903736004856906,0.8987744280177339,0.9045440258479311,0.896994372702304,0.9506503062940157,0.9480371448512626,0.9510751946339107,0.9470978685976988,0.857701092263073,0.8017620436971372,0.8675022925408715,0.7799776528946247
0037.jpg,Brokoli,21.914062500000004,36.0,23.90625,26.0,0.9996629953787717,0.9994463752960355,0.9996323585950235,0.9996001599360256,0.08593750000000001,0.14117647058823532,0.09375,0.10196078431372549,0.008182857036244487,0.009211653964986452,0.008333374215952956,0.008510445940178607,0.9981630051204766,0.9979406963370344,0.9981323894543264,0.9980943367092862,0.99908108035358,0.998969817530557,0.999065758323408,0.9990467139775228,0.7753415726027347,0.6323760358612788,0.7549180792029831,0.7344938036775902
0038.jpg,Brokoli,444.2578125,550.0,366.5625,576.0,0.9931679972241872,0.9915418448005413,0.9943628317903608,0.9911420047365669,1.7421875,2.156862745098039,1.4375,2.258823529411765,0.08544437717282659,0.09056063343020809,0.08152561655246816,0.09170288591498049,0.9733184962289144,0.9716399549991198,0.9744984501153404,0.97124703268979,0.9865690529450609,0.985717989588868,0.9871668805806546,0.9855186617663767,0.6566102452309495,0.5765204400770103,0.7166649557062542,0.5565014063351963
0039.jpg,Brokoli,19.921875,26.0,15.9375,22.0,0.9996936321625196,0.9996001599360256,0.9997549057300157,0.9996616737920216,0.078125,0.10196078431372549,0.0625,0.08627450980392157,0.003943627890191832,0.0043122229566176055,0.0036789763242269127,0.004081841438869232,0.9992036453827855,0.9991083163382728,0.9992648861014993,0.9991697857314219,0.999601743387228,0.9995540587373315,0.9996323754768547,0.9995848066729616,0.3748467761706301,0.1873000276884739,0.4998774209365041,0.3123307926594779
0040.jpg,Brokoli,0.0,0.0,0.0,0.0,1.0,1.0,1.0,1.0,0.0,0.0,0.0,0.0,0.0,0.0,0.0,0.0,1.0,1.0,1.0,1.0,1.0,1.0,1.0,1.0,1.0,1.0,1.0,1.0
0041.jpg,Brokoli,1514.0625,2222.0,1514.0625,2490.0,0.9767160443514902,0.9658290529941869,0.9767160443514902,0.9617076246424507,5.9375,8.713725490196078,5.9375,9.764705882352942,0.4571726461325466,0.4911769373150488,0.4571726461325466,0.5026197880447084,0.7732409339444264,0.7622839213794239,0.7732409339444264,0.7584610912225668,0.8793411931351939,0.8730887248037418,0.8793411931351939,0.8708967167365869,0.8858706685471892,0.833075622530881,0.8858706685471892,0.812942529298782
0042.jpg,Brokoli,338.671875,432.0,352.6171875,548.0000000000001,0.9947917467628333,0.9933565035524252,0.994577289276597,0.9915726017285394,1.328125,1.6941176470588235,1.3828125,2.1490196078431376,0.18969923764730373,0.1961232825830663,0.1906087699365596,0.20304481998057194,0.9213286712892879,0.9196337128194713,0.9211164904649053,0.9178766693849896,0.9598586725603347,0.9589753452615303,0.9597481390786362,0.9580588026760098,0.9291287974009601,0.9099378544649231,0.9262105714115878,0.8857545005712452
0043.jpg,Brokoli,0.0,0.0,0.0,0.0,1.0,1.0,1.0,1.0,0.0,0.0,0.0,0.0,0.0,0.0,0.0,0.0,1.0,1.0,1.0,1.0,1.0,1.0,1.0,1.0,1.0,1.0,1.0,1.0
0044.jpg,Brokoli,2482.265625,3572.0,2711.3671875,4354.0,0.9618265674499431,0.9450681265955156,0.9583033373189185,0.9330421677482853,9.734375,14.007843137254902,10.6328125,17.07450980392157,0.5990888835267814,0.6452531008835782,0.6091237019943503,0.6739327334688034,0.6868555419640283,0.6707892347322719,0.6836136670316104,0.660228976611338,0.8287674836551132,0.819017237139898,0.8268093293085235,0.8125447536052017,0.8619023332008662,0.8018983779062445,0.8491565613855367,0.7585289858353269
0045.jpg,Brokoli,2125.6640625,3046.0000000000005,2038.0078125000005,3094.0,0.9673105517408421,0.953157198658998,0.968658570225756,0.9524190323870452,8.3359375,11.945098039215688,7.992187500000002,12.133333333333333,0.4090669247590851,0.4451440054215098,0.4053860074163655,0.4468271566625831,0.8162650285872622,0.802694774745052,0.8175267503409147,0.8020262997063945,0.9034738671302354,0.8959323494243592,0.9041718588525717,0.8955592106088768,0.7850952214656075,0.6931433034157912,0.7939572741886752,0.68830774155235
0046.jpg,Brokoli,2165.5078125,3066.0,2077.8515625,2996.0,0.9666978160658813,0.9528496293790176,0.9680458345507951,0.9539261218589487,8.4921875,12.023529411764706,8.1484375,11.749019607843138,0.3523515985345196,0.38472879085061107,0.3489373450111184,0.3824764149714154,0.8513698541801831,0.838209333676856,0.8526299239249928,0.8391854844224139,0.9226970543901086,0.9155377292481485,0.9233796207004965,0.9160706765432534,0.7139840981463229,0.596526035855302,0.7255615587549354,0.6057377701965051
0047.jpg,Brokoli,7.96875,14.000000000000002,11.953125,8.0,0.999877452865008,0.9997847015040138,0.9998161792975118,0.9998769722880079,0.03125,0.05490196078431373,0.046875,0.03137254901960785,0.0018162336443325825,0.002182408765195473,0.002077532547864689,0.0018226939757734811,0.9996630282110548,0.9995694659183075,0.9996017724740784,0.9996617069027218,0.9998314999093871,0.9997847097842153,0.9998008664099459,0.9998308391436632,0.4285101474904303,-0.00010766249346334863,0.14276522123564545,0.4285099071465924
0048.jpg,Brokoli,0.0,0.0,0.0,0.0,1.0,1.0,1.0,1.0,0.0,0.0,0.0,0.0,0.0,0.0,0.0,0.0,1.0,1.0,1.0,1.0,1.0,1.0,1.0,1.0,1.0,1.0,1.0,1.0
0049.jpg,Brokoli,4163.671875,6420.0,4155.703125,6046.0,0.935969121966598,0.9012702611263187,0.9360916691015901,0.9070218066619506,16.328125,25.176470588235293,16.296875,23.70980392156863,0.7347380413750987,0.8113733642427975,0.7344394218382397,0.8000058938262639,0.6105647279591985,0.5805616891501081,0.6106715979130624,0.5852106723214876,0.781386413984271,0.7619459883417643,0.7814547958219096,0.7649906354469234,0.8056716698524112,0.7012262405866625,0.8060435901014975,0.718631440901396
0050.jpg,Brokoli,1924.4531250000002,3330.0,1994.1796875,2814.0,0.9704048668993941,0.9487897148832775,0.9693325794682126,0.9567250023067696,7.546875000000001,13.058823529411764,7.8203125,11.035294117647059,0.784720624722249,0.8533316804337798,0.7883956915035593,0.8298419148242724,0.5112197949894574,0.490559845893714,0.5102121118342404,0.4977454644141393,0.7149963601232229,0.7003997757664646,0.7142913354047076,0.7055107826349214,0.9356702276535888,0.8888773164559534,0.9333394388004578,0.9060963268789948
0051.jpg,Brokoli,33.8671875,80.0,69.7265625,80.0,0.9994791746762833,0.9987697228800787,0.9989277125688186,0.9987697228800787,0.1328125,0.3137254901960784,0.2734375,0.3137254901960784,0.020326584710322698,0.023687689686973636,0.022945645245657027,0.023687689686973636,0.9946199793010801,0.9938927489663649,0.994069387281184,0.9938927489663649,0.9973063618071831,0.9969416978772454,0.9970302840341331,0.9969416978772454,0.8928207085040243,0.7478110170807859,0.7793367528024029,0.7478110170807859
0052.jpg,Brokoli,0.0,0.0,0.0,0.0,1.0,1.0,1.0,1.0,0.0,0.0,0.0,0.0,0.0,0.0,0.0,0.0,1.0,1.0,1.0,1.0,1.0,1.0,1.0,1.0,1.0,1.0,1.0,1.0
0053.jpg,Brokoli,1779.0234375,2416.0,1625.625,2348.0,0.972641352113001,0.9628456309783779,0.9750003844616,0.9638913665303109,6.9765625,9.474509803921569,6.375,9.207843137254901,0.26623760119952455,0.28876193985300064,0.26032654663665394,0.2866042504427173,0.8961442240326737,0.8866901519112294,0.8983797740239632,0.8876592874624124,0.9466489444523105,0.941642263235476,0.9478289793121769,0.9421567212849529,0.6458154108327894,0.5208002833292378,0.6763554034037582,0.5342876925732825
0054.jpg,Brokoli,1259.0625,1812.0,1201.2890625,1964.0,0.9806375526712392,0.9721342232337834,0.9815260193999323,0.969796696705933,4.9375,7.105882352941176,4.7109375,7.701960784313726,0.5364613620826748,0.5665299518800948,0.533233547565303,0.5739794420505165,0.7062881130642361,0.697321682770401,0.7071429760150844,0.6951198624844998,0.8404094912982814,0.8350578918676244,0.8409179365521253,0.8337384856683178,0.9295192956246866,0.8988847814030735,0.9327533785786172,0.890402710085892
0055.jpg,Brokoli,45.8203125,116.0,99.609375,116.0,0.9992953539737951,0.9982160981761142,0.998468160812598,0.9982160981761142,0.1796875,0.4549019607843137,0.390625,0.4549019607843137,0.0593385029348712,0.06497937808302268,0.06360761526936481,0.06497937808302268,0.980060466339569,0.9789091896604403,0.9792351105193916,0.9789091896604403,0.9899800333034848,0.9893983978461054,0.9895630907220578,0.9893983978461054,0.9633666136691444,0.9076166031589246,0.9203622036285751,0.9076166031589246
0056.jpg,Brokoli,3848.90625,5456.0,3133.7109375,5306.0,0.9408097337987882,0.91609510042137,0.9518083391643343,0.9184018700212222,15.09375,21.39607843137255,12.2890625,20.807843137254903,0.6774339351105418,0.7340785220200907,0.649249236070893,0.729301377311381,0.6504754636325272,0.6283969113112826,0.6602931503771087,0.6303219272864176,0.8065205909538374,0.7927148991354223,0.8125842420187022,0.7939281625477318,0.7985577531715536,0.7153185791229735,0.8359893093886407,0.7231452310899005
0057.jpg,Brokoli,1926.4453125,2780.0000000000005,1785.0,2784.0,0.970374230115646,0.9572478700827363,0.9725494417617567,0.9571863562267401,7.5546875,10.901960784313728,7.0,10.91764705882353,0.38619433618714416,0.4205766435499732,0.3800581679920507,0.42072148451479435,0.8283468356896986,0.8156571837555161,0.8303979238754324,0.8156009325960899,0.9101356139003124,0.9031374113364566,0.9112617208439255,0.9031062687170818,0.7926853670348001,0.7019004716255297,0.8079070205410349,0.7014715514408182
0058.jpg,Brokoli,854.6484375,1354.0,962.2265625,1422.0,0.9868568197720912,0.9791775597453327,0.985202433449697,0.9781318241933995,3.3515625,5.309803921568627,3.7734375,5.576470588235294,0.4144646679651217,0.44289544220165944,0.4207089817049385,0.44637978716862275,0.7881259250310878,0.7800261326751416,0.7865177394774546,0.7790250255092199,0.8877645662173547,0.8831908812228202,0.8868583536717995,0.8826239434262023,0.9339207895086173,0.8956695524173514,0.9256031266495621,0.8904299139863173
0059.jpg,Brokoli,665.390625,1126.0,858.6328125,1248.0,0.9897673142281549,0.9826838495371082,0.9867955462045951,0.9808076769292283,2.609375,4.415686274509804,3.3671875,4.894117647058823,0.3014010180612318,0.3273672569026558,0.31246622744689784,0.3334681901470265,0.8611382697610296,0.8537826546173574,0.8582361079197303,0.8519749514611613,0.9279753605355207,0.9240036009764017,0.9264103345277028,0.9230248921135125,0.9205114804379493,0.8659728227899144,0.8974264912238207,0.8514512281010774
0060.jpg,Brokoli,792.890625,1094.0,761.015625,1310.0,0.9878065600682804,0.9831759603850767,0.988296748608249,0.9798542121612893,3.109375,4.290196078431372,2.984375,5.137254901960785,0.4119190140152583,0.4301828472965167,0.40998874156393156,0.4417663396124253,0.7882200712316176,0.7830402066102692,0.7886985530655276,0.7798412155381638,0.8878175889402156,0.8848955907960381,0.8880870188588096,0.8830861880576345,0.9389509684645326,0.9160541867304909,0.9414052008880688,0.8994798762494909
0061.jpg,Brokoli,2621.71875,4114.0,2460.3515625,3876.0,0.9596819925875804,0.9367329991080491,0.9621635720711714,0.9403930735398148,10.28125,16.133333333333333,9.6484375,15.2,0.7744475126737292,0.8401366452913585,0.7667412002681655,0.8305272136948192,0.5428337883866782,0.5213203205048896,0.5451214536251081,0.5245307096714495,0.7367725486109523,0.7220251522661033,0.738323407203854,0.7242449238147614,0.903653018222698,0.8491516924254329,0.9095831895934895,0.8578784540206557
0062.jpg,Brokoli,1912.5,2712.0,1868.671875,3160.0000000000005,0.9705886876018823,0.9582936056346691,0.9712626968443392,0.9514040537631103,7.5,10.635294117647058,7.328125,12.3921568627451,0.6184379760013582,0.6570759278915035,0.6162429662898143,0.6763060828850616,0.6579446025116542,0.6455926062802864,0.6585794282097029,0.6393251102517132,0.8111378443345214,0.8034877760615194,0.8115290680004648,0.7995780826484136,0.9061851676122471,0.8673608393714776,0.9083350908544664,0.8454499455803353
0063.jpg,Brokoli,67.734375,86.0,51.796875,88.0,0.9989583493525667,0.9986774520960847,0.999203443622551,0.9986466951680866,0.265625,0.3372549019607843,0.203125,0.34509803921568627,0.0211628899749363,0.02240098452366749,0.020059256157454693,0.02252592484943404,0.9946183915891724,0.9943211677524437,0.994863039080522,0.9942904926549854,0.9973055658067754,0.997156541247383,0.997428212494775,0.9971411598439738,0.7600414115384068,0.6965203672135304,0.8165022558823112,0.6894627013347753
0064.jpg,Brokoli,1924.453125,2872.0,2111.71875,2714.0,0.9704048668993941,0.9558330513948268,0.9675250092270784,0.9582628487066712,7.546875,11.262745098039217,8.28125,10.64313725490196,0.2871252656363285,0.31902640986712794,0.2939417166860621,0.31434234185800836,0.8859885376868272,0.8721725905261353,0.8832873943465253,0.874393689234067,0.9412696413285766,0.933901809895524,0.9398337056876207,0.9350902037953702,0.653007702598104,0.4840866906345755,0.6192424065776296,0.5124691080718099
0065.jpg,Brokoli,884.53125,1356.0,970.1953125,1466.0,0.9863972680158706,0.9791468028173346,0.985079886314705,0.9774551717774429,3.46875,5.317647058823529,3.8046875,5.749019607843137,0.5857052232669773,0.6146733279218117,0.5910106988267783,0.6207588842272452,0.6525293982482699,0.6445723526618056,0.6512495729181685,0.6429541113116963,0.8077929179240617,0.8028526344615216,0.8070003549678083,0.8018441939128177,0.9592790564102811,0.9377523649793513,0.9553353614229887,0.9327027780676468
0066.jpg,Brokoli,1151.484375,1698.0,1006.0546875000001,1642.0,0.9822919389936333,0.9738873681296711,0.9845284242072403,0.9747485621136162,4.515625,6.658823529411765,3.9453125000000004,6.439215686274509,0.6378016648028126,0.6695087175192137,0.6290350591707825,0.6665198514555345,0.6172832076304786,0.6082696148126271,0.6194455191888337,0.6090865862522045,0.7856737284843364,0.7799164152732183,0.787048612976882,0.7804399952925302,0.9515267867924965,0.9287111999251034,0.9576488362114373,0.9310623028722143
0067.jpg,Brokoli,2814.9609375000005,3912.0,2460.3515625,4168.0,0.9567102245640207,0.9398394488358501,0.9621635720711715,0.9359025620521022,11.039062500000002,15.341176470588236,9.6484375,16.345098039215685,0.6114800584632478,0.6559188885597436,0.5960561247867942,0.6652016086512111,0.6837567516475035,0.6677662729606999,0.688767760033701,0.664318530314177,0.8268958529630581,0.8171696720759404,0.8299203335463597,0.8150573785410307,0.8424810453961832,0.7817798417197536,0.8623241974977258,0.767499585963173
0068.jpg,Brokoli,2055.9375000000005,3082.0,2133.6328125000005,3378.0,0.9683828391720235,0.9526035739550334,0.9671880046058501,0.9480515486113247,8.062500000000002,12.086274509803921,8.367187500000002,13.247058823529413,0.6019624391095271,0.6489090013956315,0.6056826002621009,0.6609704150865836,0.6750338929325561,0.6596001264707436,0.6739160245420933,0.6555002654318771,0.8216044625807214,0.8121576980308342,0.820923884743338,0.809629708837242,0.8925841776002646,0.8394672923278802,0.8885248587305072,0.8240494852315312
0069.jpg,Brokoli,1761.09375,2396.0,1729.21875,2440.0,0.9729170831667333,0.9631532002583582,0.9734072717067019,0.9624765478424016,6.90625,9.39607843137255,6.78125,9.568627450980392,0.2890011602391266,0.3127960786919761,0.2877346641506289,0.31426740437914236,0.8839893465141112,0.8745153494774214,0.8844532305971562,0.8738890110138634,0.9402070764007848,0.9351552542104553,0.9404537365533491,0.9348203094787059,0.6979357183039019,0.5905621282844415,0.7034029451219308,0.5830432358155415
0070.jpg,Brokoli,4843.0078125,6652.0,4532.2265625,7536.0,0.9255219787085166,0.897702457478547,0.9303013169732107,0.8841078953034172,18.9921875,26.08627450980392,17.7734375,29.55294117647059,0.7667214021060794,0.8259944247965688,0.7556606465390233,0.8509373585462701,0.5956941529962936,0.571834532869016,0.5997844743270317,0.5612060455853418,0.7718122524269057,0.7561974165976871,0.7744575355221432,0.7491368670579107,0.777921946322542,0.6958383982949174,0.7921729444194913,0.6554176442499244
0071.jpg,Brokoli,864.6093750000001,1068.0,707.2265625,1194.0,0.986703635853351,0.9835758004490511,0.9891239417694461,0.9816381139851751,3.3906250000000004,4.188235294117646,2.7734375,4.682352941176471,0.14769659445626854,0.15640111163307024,0.14058789965948834,0.16117308798788388,0.9489634752108567,0.9457828051524264,0.9513253118917604,0.9439124954897865,0.9741475633654568,0.9725136529388296,0.9753590681855377,0.9715515917797606,0.6493220829977543,0.5684873608198426,0.7131551600557668,0.517578566309824
0072.jpg,Brokoli,3.984375000000001,4.0,1.9921875,4.0,0.9999387264325039,0.999938486144004,0.9999693632162521,0.999938486144004,0.015625000000000003,0.015686274509803925,0.0078125,0.015686274509803925,0.0006981166158821356,0.0007006135579684851,0.0005554420041977898,0.0007006135579684851,0.9998774566122406,0.9998769760721078,0.9999080910512185,0.9998769760721078,0.999938726428895,0.9999384861440767,0.9999540444696539,0.9999384861440767,-3.0638193572107e-05,-3.075834704642973e-05,0.49998468090321396,-3.075834704642973e-05
0073.jpg,Brokoli,9.9609375,10.0,7.96875,12.0,0.9998468160812598,0.99984621536001,0.999877452865008,0.9998154584320119,0.0390625,0.0392156862745098,0.03125,0.047058823529411764,0.0017900665584046178,0.0017964242738222694,0.0016603399919701812,0.001899086568527639,0.9996630305576583,0.9996617092677661,0.9996936593647876,0.9996309622729613,0.9998315010828865,0.9998308403263855,0.9998468179500236,0.9998154641097333,0.16659006648895422,0.16658976606838002,0.3332720531911633,-9.228071794398564e-05
0074.jpg,Brokoli,2376.6796875,3152.0,2036.015625,3200.0,0.9634503169885892,0.9515270814751023,0.9686892070095039,0.9507889152031496,9.3203125,12.36078431372549,7.984375,12.549019607843137,0.33971375277836136,0.3658041966139038,0.3270796127125728,0.36723490416251425,0.859974501806697,0.8486780740439198,0.8648579478896338,0.8480120056743327,0.9273481017431895,0.9212372517673826,0.9299773910636934,0.9208756732992422,0.6512752994425942,0.5392147826806297,0.7012601475526665,0.5321977489143449
0075.jpg,Brokoli,57.7734375,66.0,53.7890625,64.0,0.9991115332713069,0.9989850213760649,0.9991728068388029,0.999015778304063,0.2265625,0.25882352941176473,0.2109375,0.2509803921568628,0.008833666724838006,0.009220952116211982,0.008634576605188167,0.009138392909830814,0.9980099760683993,0.9978793825637996,0.9980711454503676,0.9979100784736479,0.9990044925166249,0.9989391285577913,0.9990351072161416,0.9989544926940606,0.19399995912778698,0.08282555509393898,0.24958616884311197,0.11061872009109236
0076.jpg,Brokoli,1932.421875,2640.0,1812.890625,2626.0,0.970282319764402,0.9594008550425983,0.9721205267892843,0.9596161535385845,7.578125,10.352941176470589,7.109375,10.298039215686273,0.30505980860701054,0.3306868270661833,0.30039422593181364,0.33023314992856606,0.8763856486988179,0.8659170947322925,0.8781180052443771,0.8661149604867617,0.9361547140824629,0.9305466644571311,0.9370795084966788,0.9306529753279478,0.6864493446461718,0.5732246517430023,0.7058442305443468,0.5754878543473957
0077.jpg,Brokoli,65.74218750000001,174.0,165.35156250000003,198.0,0.9989889861363148,0.9973241472641713,0.9974571469489129,0.9969550641281949,0.25781250000000006,0.6823529411764706,0.6484375000000001,0.7764705882352941,0.09678480560813524,0.10536491904946846,0.10446750314529205,0.107023158641078,0.9636391741420067,0.9618443682013291,0.9621127555169587,0.9614773909008765,0.9816512487345018,0.9807366456910485,0.9808734655993905,0.9805495351591762,0.9714001131786777,0.9245948782885421,0.92806695132819,0.9141941718455823
0078.jpg,Brokoli,25.8984375,38.0,23.90625,30.0,0.9996017218112755,0.9994156183680374,0.9996323585950236,0.9995386460800295,0.1015625,0.14901960784313725,0.09375,0.11764705882352941,0.011563425543295328,0.012494537868492615,0.011407163280107891,0.011909320123447581,0.9972455882916127,0.9970504354859524,0.9972762020804798,0.9971733364315414,0.9986218444895008,0.9985241286448477,0.9986371723906936,0.9985856680483359,0.8309694538395672,0.752954211521065,0.8439718035442159,0.8049638512008407
0079.jpg,Brokoli,3330.9375,4460.0,2693.4375,4692.0,0.9487752975732784,0.9314120505643897,0.9585790683726509,0.927844246916618,13.0625,17.49019607843137,10.5625,18.400000000000002,0.5720736398136061,0.6128603513024884,0.5468118349181341,0.6203309476049021,0.7211868932622069,0.7051396857536087,0.7300825103325644,0.702073988577723,0.8492272329960968,0.8397259587232068,0.8544486586873224,0.8378985550636324,0.7774852561671239,0.7030467449127535,0.8200718100107367,0.6875998491324303
0080.jpg,Brokoli,2934.4921875,4082.0,2733.28125,4140.0,0.9548720175391381,0.9372251099560176,0.9579663326976902,0.9363331590440747,11.5078125,16.007843137254902,10.71875,16.23529411764706,0.42507457919027436,0.4624638111246493,0.41786643695940634,0.46412083118469316,0.8141068423578071,0.7978510278112949,0.816931491193291,0.7970718464684198,0.9022786943942581,0.89322507119499,0.903842625235882,0.8927888028354857,0.6839752408780129,0.5619696024731318,0.7056442841036209,0.5557457506709372
0081.jpg,Brokoli,39.84375,102.00000000000001,83.671875,92.0,0.9993872643250393,0.9984313966721006,0.9987132550825824,0.9985851813120906,0.15625,0.4,0.328125,0.3607843137254902,0.042894190252660454,0.04778208591479283,0.04633797148255963,0.04707231304341049,0.9866027714701077,0.9855991634838346,0.9859300321691177,0.98575249167024,0.993278798459983,0.9927734703767193,0.9929400949549362,0.992850689514914,0.9520725959208847,0.8777820159872632,0.8993524514338577,0.8897641712826295
0082.jpg,Brokoli,1516.0546875,2246.0,1587.7734375,2608.0,0.9766854075677421,0.9654599698582105,0.9755824833528128,0.9598929658905669,5.9453125,8.8078431372549,6.2265625,10.227450980392156,0.5494258794184456,0.5863797809427492,0.5531644544664408,0.6026266100256538,0.7032249174371035,0.6917856301387053,0.7021746227787992,0.6866341138422939,0.8385850686943475,0.8317365148523331,0.8379586044541814,0.8286338840780613,0.9149100928039272,0.8743371192187854,0.9108848146711302,0.8540833512567197
0083.jpg,Brokoli,81.6796875,126.00000000000001,83.671875,126.00000000000001,0.9987438918663304,0.9980623135361242,0.9987132550825824,0.9980623135361242,0.3203125,0.49411764705882355,0.328125,0.49411764705882355,0.029607270345735986,0.03252447512655947,0.029742484613438716,0.03252447512655947,0.9919671098180387,0.9912612072279894,0.991936550470372,0.9912612072279894,0.9959754564335602,0.9956210158629585,0.9959601148993729,0.9956210158629585,0.8146851084230038,0.7152440390021982,0.8101652330186868,0.7152440390021982
0084.jpg,Brokoli,715.1953125,988.0,679.3359375,974.0,0.9890013946344539,0.9848060775689723,0.9895528567419185,0.9850213760649587,2.8046875,3.8745098039215686,2.6640625,3.819607843137255,0.1397207912820499,0.1519169475314059,0.13802759472044643,0.15134768200491688,0.9517652141566645,0.947536078706309,0.9523048578634118,0.9477448842096489,0.975584549978455,0.9734146489067795,0.9758610853310075,0.9735218971392728,0.7055764887332395,0.5948292848783264,0.7203386703566426,0.6005705703152732
0085.jpg,Brokoli,1276.9921875000002,1896.0,1237.1484375,1858.0,0.980361821617507,0.9708424322578662,0.9809745572924676,0.9714268138898288,5.007812500000001,7.435294117647058,4.8515625,7.286274509803921,0.3013287829233171,0.32896959644278095,0.29943795697502357,0.3274311793092223,0.8721048596656035,0.8626499591660323,0.8726939134550112,0.8632006119552101,0.9338655468886319,0.9287895128424052,0.9341808783394205,0.9290859012788915,0.8192373044789777,0.7325988264569304,0.8248773261801018,0.7379581326777304
0086.jpg,Brokoli,1.9921875,2.0,1.9921875,2.0,0.9999693632162521,0.999969243072002,0.9999693632162521,0.999969243072002,0.0078125,0.007843137254901962,0.0078125,0.007843137254901962,0.00037029490413153143,0.0003716266577919404,0.00037029490413153143,0.0003716266577919404,0.9999387268981583,0.9999384866170273,0.9999387268981583,0.9999384866170273,0.9999693629797657,0.999969242835512,0.9999693629797657,0.999969242835512,-1.5318862114922106e-05,-1.5378937007874016e-05,-1.5318862114922106e-05,-1.5378937007874016e-05
0087.jpg,Brokoli,1446.328125,2088.0,1434.375,2324.0,0.9777576949989235,0.967889767170055,0.9779415157014117,0.9642604496662873,5.671875,8.188235294117648,5.625,9.11372549019608,0.31041828779372804,0.3378678932759639,0.30987814496297844,0.3467419461367471,0.8688511822563737,0.8591169973515937,0.869026862133104,0.8557338800133211,0.932121870924813,0.9268856441609147,0.9322161026999609,0.9250588521890492,0.7966868112397805,0.7075615689340501,0.7983670855270552,0.6745081830472854
0088.jpg,Brokoli,1697.34375,2520.0,1788.984375,2854.0,0.9738974602466706,0.9612462707224801,0.9724881681942608,0.956109863746809,6.65625,9.88235294117647,7.015625,11.1921568627451,0.45804335002528007,0.49551869534568477,0.4623910046172687,0.5089367795873694,0.7763648465283786,0.7638546669640709,0.7750310934346164,0.7591426865809309,0.8811156828296604,0.8739877956608266,0.8803585027899806,0.8712879469962447,0.8683090143208206,0.8051497857022208,0.8611989376292218,0.7793244001564043
0089.jpg,Brokoli,836.71875,1378.0,972.1875,1402.0,0.9871325508258236,0.9788084766093562,0.9850492495309568,0.9784393934733798,3.28125,5.40392156862745,3.8125,5.4980392156862745,0.37070405378766946,0.4005918660012991,0.37839024637699636,0.40178639693042517,0.8188463613942055,0.8102129591715012,0.8168209835347282,0.8098596499350129,0.9049012992554523,0.9001183028755171,0.9037814910334955,0.899922024363785,0.9236121858634515,0.8746372930539379,0.9112446350032487,0.8724539077370257
0090.jpg,Brokoli,1763.0859375,2472.0000000000005,1775.0390625,2684.0,0.9728864463829854,0.961984436994433,0.972702625680497,0.9587242026266416,6.9140625,9.694117647058826,6.9609375,10.525490196078431,0.6620686183490493,0.698244355754769,0.662692989671996,0.7080358534974824,0.616776316407001,0.6056102951560495,0.6166024950402189,0.6026085270193747,0.7853510784400828,0.778209673003394,0.78524040588868,0.7762786400638464,0.9240174874937259,0.8937558639675205,0.9235023518157175,0.88464431184823
0091.jpg,Brokoli,3342.890625,4672.0,3137.6953125,5160.0,0.9485914768707902,0.9281518161965983,0.9517470655968381,0.9206471257650786,13.109375,18.32156862745098,12.3046875,20.23529411764706,0.6258730313047229,0.6752109766622498,0.6176982157400033,0.6911074507823116,0.6818672843677912,0.6630929965273759,0.6847084213778954,0.6567229427181838,0.8257525563798099,0.8143052231978964,0.8274711000257927,0.8103844413105324,0.8091472095267161,0.7341082102690081,0.8208622497047544,0.7063352664786134
0092.jpg,Brokoli,0.0,0.0,0.0,0.0,1.0,1.0,1.0,1.0,0.0,0.0,0.0,0.0,0.0,0.0,0.0,0.0,1.0,1.0,1.0,1.0,1.0,1.0,1.0,1.0,1.0,1.0,1.0,1.0
0093.jpg,Brokoli,25.8984375,36.0,23.90625,34.0,0.9996017218112755,0.9994463752960354,0.9996323585950235,0.9994771322240334,0.1015625,0.14117647058823532,0.09375,0.13333333333333336,0.008709924680862641,0.009445899491992624,0.008561561105284544,0.009309508076133025,0.998040595019794,0.9978792761368066,0.9980712088086613,0.9979100004271861,0.9990198171306683,0.9989390752877808,0.9990351389258845,0.9989544536299871,0.7448987413573717,0.6467817896389325,0.7645219150991123,0.6664050235478807
0094.jpg,Brokoli,3378.75,4394.000000000001,2984.296875,4864.000000000001,0.9480400147633254,0.9324270291883248,0.9541060979454372,0.9251991511087874,13.25,17.231372549019614,11.703125,19.074509803921572,0.48237938604083375,0.5156151806528214,0.46837636341720895,0.5289228274691385,0.7820630755748991,0.7677227768398901,0.7875356439680651,0.761523879866984,0.8843433018771042,0.8761979096299478,0.88743205033854,0.8726533560738674,0.6919492705576749,0.6007903020439597,0.7279127401505879,0.5580892191947702
0095.jpg,Brokoli,1522.03125,2298.0,1322.8125,2220.0,0.976593497216498,0.9646602897302616,0.9796571755913019,0.965859809922185,5.96875,9.011764705882353,5.1875,8.705882352941176,0.7419669127427784,0.7839431161083332,0.7305246056981753,0.780035767514323,0.5365816651798586,0.5244667044778122,0.5395113526798587,0.5255828980099779,0.7325173480402076,0.7242007349332173,0.734514365196392,0.724970963563354,0.9468701264203262,0.9199436036325057,0.9538242983548385,0.9226609225692615
0096.jpg,Brokoli,2273.0859375,3392.0,2326.875,3722.0,0.9650434297434873,0.9478362501153383,0.9642162365822902,0.9427613569956632,8.9140625,13.301960784313724,9.125,14.596078431372549,0.5906657302248945,0.6393294584322897,0.5931308808349092,0.652051154688142,0.6890184767802648,0.6724406079878483,0.6882497886179593,0.6679208593506683,0.8300713684860266,0.8200247605943667,0.829608213928695,0.8172642530728162,0.8739132194992569,0.8124359771845883,0.870929570880922,0.794188298078136
0097.jpg,Brokoli,2085.8203125,2942.0,1747.1484375,2710.0,0.9679232874158029,0.9547565589148956,0.9731315406529697,0.9583243625626672,8.1796875,11.537254901960784,6.8515625,10.627450980392156,0.6213831189301354,0.6613985710242365,0.6045316451607939,0.6513259707722439,0.6600175127016953,0.6469441548299897,0.6649188352098652,0.6502018936022743,0.8124146187149116,0.8043283874326391,0.8154255546706058,0.8063509742055716,0.8961681713529126,0.8539846355852189,0.9130272075229268,0.8654991034792466
0098.jpg,Brokoli,35.859375,54.00000000000001,29.8828125,34.0,0.9994485378925353,0.9991695629440532,0.9995404482437793,0.9994771322240336,0.140625,0.21176470588235297,0.1171875,0.13333333333333336,0.011659829907491533,0.012910945552437991,0.011224204215957939,0.01155660774359269,0.9972759542791535,0.9969888487866068,0.9973677731183619,0.9972960065488077,0.998637048320937,0.9984932893047438,0.9986830193401517,0.9986470880890845,0.7462028377228669,0.6193026310710896,0.7885023647690557,0.7603016566003156
0099.jpg,Brokoli,2079.84375,2810.0,1854.7265625,2736.0,0.968015197767047,0.9567865161627657,0.9714771543305755,0.9579245224986929,8.15625,11.019607843137255,7.2734375,10.729411764705882,0.300314316774823,0.325178397670149,0.2918883173038589,0.32292340119125285,0.8797933637302959,0.8690761908182771,0.8830458922424669,0.8701171522915578,0.9379730079966565,0.9322425600766557,0.9397052156088456,0.932800703415021,0.6415988712962726,0.5175760644635777,0.6803913306291474,0.5302804670364231
0100.jpg,Brokoli,23.90625,36.0,25.8984375,36.0,0.9996323585950235,0.9994463752960354,0.9996017218112755,0.9994463752960354,0.09375,0.14117647058823532,0.1015625,0.14117647058823532,0.013379593575975146,0.014354962357314253,0.013539806420527982,0.014354962357314253,0.9966956368944636,0.9964983220454203,0.9966650231055963,0.9964983220454203,0.9983464513356392,0.998247625614717,0.9983311189708535,0.998247625614717,0.8748159057437408,0.8122227741071016,0.8643838978890525,0.8122227741071016
0001.jpg,Kembang Kol,1360.6640625,1884.0,1388.5546875,2260.0,0.9790750767000891,0.9710269738258541,0.9786461617276166,0.9652446713622245,5.3359375,7.3882352941176475,5.4453125,8.862745098039216,0.7812997437940332,0.8112718886494767,0.7829388098204617,0.8309414136314087,0.4926362090677264,0.4844625758199941,0.4922254220507136,0.479048692389184,0.7018804806145605,0.6960334588365663,0.7015877864178607,0.6921334353931935,0.9570214440575172,0.940555460057304,0.9561404780499114,0.928691793911628
0002.jpg,Kembang Kol,2053.9453125,2882.0,1942.3828125,3012.0,0.9684134759557715,0.9556792667548366,0.9701291358456618,0.9536800664349645,8.0546875,11.301960784313724,7.6171875,11.811764705882352,0.7614524166215098,0.8026717035466548,0.7556647171827491,0.8086057959264348,0.5373086607689951,0.5246313862958396,0.5389189038245507,0.5228133696545011,0.7330134110430689,0.7243144250226138,0.7341109615204984,0.723058344571516,0.9268991932736301,0.8976438132278217,0.9308697511559548,0.893026774962595
0003.jpg,Kembang Kol,970.1953125,1632.0,1139.53125,1552.0,0.9850798863147049,0.9749023467536062,0.9824757596961217,0.9761326238735275,3.8046875,6.3999999999999995,4.46875,6.086274509803922,0.6906266962548417,0.7304699489766509,0.7010948706402915,0.7260429036344394,0.5620156624517914,0.5513137123937634,0.559495987589659,0.5524837660255771,0.7496770387652214,0.7425050251639805,0.7479946440915597,0.7432925171327753,0.9647512046264974,0.9408369523410454,0.9585989508138738,0.9437371017360924
0004.jpg,Kembang Kol,1147.5,1666.0,1065.8203125,1648.0,0.9823532125611294,0.9743794789776398,0.9836093206947991,0.9746562913296221,4.5,6.533333333333333,4.1796875,6.462745098039216,0.7300015009288825,0.760898989931667,0.7249747407771239,0.7599054276150514,0.5327256644079201,0.524252182662422,0.533939035805039,0.5245148913092161,0.7298805822926927,0.7240526104244235,0.7307113217988612,0.7242340031434703,0.960778970553453,0.9431635707812827,0.963570745218919,0.9437776498484717
0005.jpg,Kembang Kol,707.2265625,958.0,609.609375,960.0,0.9891239417694461,0.9852674314889429,0.9906251441731,0.9852366745609449,2.7734375,3.7568627450980396,2.390625,3.764705882352941,0.39964832403074924,0.4154438245583931,0.3935005767115446,0.41555785807584544,0.7946572485267086,0.7902302950644038,0.796128072360991,0.790200444894394,0.8914354988033114,0.888948983386788,0.8922600923278992,0.8889321936426838,0.9441054775638282,0.9245454755774317,0.9518204961536098,0.924387950474253
0006.jpg,Kembang Kol,583.7109375,846.0,545.859375,824.0,0.9910234223618244,0.9869898194568325,0.9916055212530372,0.9873281456648111,2.2890625,3.3176470588235296,2.140625,3.231372549019608,0.4877639054994092,0.5057025724784187,0.4851915214654515,0.5043419283727522,0.7225706092984068,0.7177736393050257,0.7231426051578721,0.7181032815432978,0.8500415338666734,0.8472152260819122,0.8503779190206388,0.8474097483173638,0.9665713073855866,0.9517034410044255,0.9687390383059751,0.9529593798908355
0007.jpg,Kembang Kol,842.6953125,1114.0,667.3828125,1134.0,0.9870406404745794,0.9828683911050964,0.9897366774444069,0.9825608218251161,3.3046875,4.368627450980392,2.6171875,4.447058823529412,0.7047535285877837,0.7228790294926946,0.692929171204171,0.7241032209543831,0.5429376936417183,0.5380222036861875,0.5455711609379506,0.5377252629153221,0.7368430590306991,0.733499968429575,0.7386278907121979,0.7332975268711344,0.9708295890531798,0.961513468827215,0.9768981379026365,0.960822507764867
0008.jpg,Kembang Kol,1229.1796875,1736.0,1105.6640625,1834.0,0.9810971044274598,0.9733029864977086,0.9829965850198382,0.971795897025805,4.8203125,6.807843137254903,4.3359375,7.192156862745097,0.7004747507624576,0.730097160859565,0.6930499364019819,0.7353318276330743,0.5637125083163628,0.5553309586514873,0.5655438126824719,0.553906589442058,0.750807903738608,0.7452053130859222,0.7520264707325613,0.7442490103735832,0.9547490969254875,0.9362349636201823,0.9592961892927806,0.9326353244697089
0009.jpg,Kembang Kol,1438.359375,1902.0,1133.5546875,1968.0,0.9778802421339158,0.970750161473872,0.9825676700473658,0.969735182849937,5.640625,7.458823529411765,4.4453125,7.7176470588235295,0.715200465315811,0.7415175883256893,0.6973189526185715,0.7449611747071443,0.5582466986105105,0.5505446241139029,0.5627487953476428,0.5495900378421869,0.7471590852091076,0.7419869433581044,0.7501658452286686,0.7413434007544593,0.9473484568684047,0.9305318908894918,0.9585059168395047,0.9281213255891271
0010.jpg,Kembang Kol,1392.5390625,1950.0,1161.4453125,1942.0,0.9785848881601205,0.9700119952019192,0.9821387550748932,0.9701350229139113,5.4609375,7.647058823529411,4.5546875,7.6156862745098035,0.6874090541166282,0.7186496921766392,0.6739348024837244,0.718236731516557,0.5818987598294526,0.5727967856683046,0.5853130941599987,0.5729124514703997,0.7628228888998105,0.7568333936001401,0.7650575757157095,0.7569098040522396,0.9460764394718753,0.9246736821047203,0.9550251276281878,0.9249827131524959
0011.jpg,Kembang Kol,848.671875,1126.0,798.8671875000001,1344.0,0.9869487301233353,0.9826838495371082,0.9877146497170364,0.9793313443853229,3.328125,4.415686274509804,3.1328125000000004,5.270588235294118,0.6288403298402259,0.6471053864370606,0.6256185072812473,0.659829386823116,0.6131780900262219,0.6080641927416496,0.6139246149880756,0.6048389842075647,0.7830568881161968,0.7797847092253409,0.7835334166377816,0.7777139475459885,0.9650974933014538,0.9538129428699709,0.9671457624739038,0.9448708660899121
0012.jpg,Kembang Kol,659.4140625,922.0,643.4765625,1028.0,0.9898592245793991,0.9858210561929075,0.9901043188493834,0.9841909390090118,2.5859375,3.615686274509804,2.5234375,4.031372549019608,0.6735939542856568,0.692029779081824,0.6724880549537231,0.698720667496791,0.563434129338776,0.5585700178309558,0.5636743164062501,0.5569887610434635,0.7506224945595329,0.7473754196058068,0.7507824694318922,0.7463167967046324,0.976224452659605,0.9668286352425883,0.9767990882448714,0.9630150076240572
0013.jpg,Kembang Kol,884.53125,1304.0,960.234375,1504.0,0.9863972680158706,0.9799464829452835,0.9852330702334451,0.9768707901454803,3.46875,5.113725490196078,3.765625,5.898039215686274,0.7649656511222671,0.7911668712023323,0.7699035658716555,0.8028984525830712,0.48672980391030496,0.48057255191678716,0.4855986171371889,0.47762963270418723,0.697660235293875,0.6932334036360244,0.6968490633825871,0.6911075406217091,0.9727860783782204,0.9598743550356452,0.9704569589601402,0.9537201150104376
0014.jpg,Kembang Kol,1826.8359375,2514.0,1751.1328125,2710.0,0.971906069303048,0.9613385415064744,0.9730702670854736,0.9583243625626672,7.1640625,9.858823529411765,6.8671875,10.627450980392156,0.7470199125330379,0.7827787983591545,0.7429627441901422,0.7920997945710208,0.5429385135449706,0.5321603524862011,0.5440386688338019,0.5293882850191739,0.73684361539269,0.7294932162030029,0.7375897700170481,0.7275907400587049,0.9346272408311568,0.9102286154105347,0.9373362537520031,0.9032297326024459
0015.jpg,Kembang Kol,1041.9140625,1550.0,1095.703125,1660.0,0.9839769620997755,0.9761633808015255,0.9831497689385784,0.9744717497616339,4.0859375,6.078431372549019,4.296875,6.509803921568627,0.703521187111964,0.7343880104664433,0.7068423840766453,0.7404775672035308,0.5531058019676928,0.5446913230220358,0.5523057894649894,0.5430831756809591,0.7437108322242542,0.7380320609716328,0.7431727857402943,0.7369417722459212,0.9628340145525409,0.9448268871562029,0.9609153116709321,0.9409113759221269
0016.jpg,Kembang Kol,808.828125,1082.0,673.359375,1118.0,0.9875614657982961,0.9833605019530649,0.9896447670931627,0.9828068772491003,3.171875,4.243137254901961,2.640625,4.3843137254901965,0.6680626637928708,0.6864042162171569,0.6589688185328331,0.6885983327441378,0.5757256580251586,0.5706943710319916,0.5777615036133938,0.5701594689647802,0.7587658782688891,0.7554431620128622,0.7601062449509238,0.7550890470433141,0.9698082106992765,0.9597044537496977,0.9748649635870823,0.9583637516563418
0017.jpg,Kembang Kol,994.1015625,1354.0,832.734375,1392.0,0.9847122449097284,0.9791775597453326,0.9871938243933196,0.97859317811337,3.8984375,5.309803921568627,3.265625,5.458823529411765,0.7201941391247062,0.7429241311954636,0.7097767285913519,0.7451342690112173,0.5352788450130359,0.5290980600280759,0.5376907431937236,0.5285383481732472,0.7316275316122514,0.7273912702446159,0.7332739891702988,0.7270064292516588,0.9660015210742325,0.9537798659461377,0.9715203122425434,0.952482698225276
0018.jpg,Kembang Kol,1181.3671875,1636.0,1193.3203125,1996.0,0.9818323872374128,0.9748408328976103,0.9816485665349246,0.9693045858579645,4.6328125,6.415686274509804,4.6796875,7.827450980392157,0.7127396954628636,0.7398548820170177,0.7134581331636983,0.7590914029577864,0.5503879156116338,0.5427887446950949,0.5502108052454285,0.5375616467862522,0.7418813352630148,0.7367419797290602,0.7417619599611647,0.7331859564846098,0.9579227071897221,0.9418524533934631,0.9574969672961946,0.9290571497392129
0019.jpg,Kembang Kol,1121.6015625,1544.0,1047.890625,1736.0,0.9827514907498538,0.9762556515855196,0.9838850517485314,0.9733029864977085,4.3984375,6.054901960784314,4.109375,6.807843137254903,0.6824014162545736,0.7079024499056155,0.6779010656037784,0.718377191892304,0.575997394237643,0.5688084274805729,0.5770931519915717,0.5660046580138565,0.7589449217417842,0.7541938924975281,0.7596664741790121,0.7523328106721496,0.9576250651242993,0.9418036946186934,0.9604099187484574,0.9345668483536606
0020.jpg,Kembang Kol,19.921875,40.0,31.875,32.0,0.9996936321625196,0.9993848614400394,0.9995098114600314,0.9995078891520315,0.078125,0.1568627450980392,0.125,0.1254901960784314,0.005533016266981339,0.006820126973252969,0.006330374584419408,0.006352550297944774,0.9988362461252883,0.9985243939980498,0.9986525690239331,0.998647287375497,0.9994179536736811,0.9992619246213926,0.999326057412661,0.9993234148039848,0.6427038908495416,0.2854065792047545,0.42832622535926657,0.4283252633638035
0021.jpg,Kembang Kol,53.7890625,68.0,39.84375,64.0,0.9991728068388029,0.998954264448067,0.9993872643250393,0.999015778304063,0.2109375,0.2666666666666667,0.15625,0.2509803921568628,0.016813790961868115,0.017797314159304398,0.015825734432614882,0.01753879494749047,0.9958701290143814,0.9956390598298558,0.9960842809856786,0.9957004497575166,0.9979329281141,0.9978171474923929,0.9980402201242586,0.9978479091312045,0.749585711655312,0.6846614394791296,0.8145079345594903,0.7032107665685926
0022.jpg,Kembang Kol,1085.7421875,1502.0,1039.921875,1704.0,0.9833029528573187,0.9769015470734783,0.9840075988835235,0.9737950973456772,4.2578125,5.890196078431373,4.078125,6.682352941176471,0.778022342365763,0.8030114094306025,0.7751350700094406,0.8144389539426045,0.48359704181534746,0.4774361517418329,0.4842786634797914,0.47448281734718595,0.6954114191004829,0.6909675475315993,0.6959013317129027,0.6888271316863077,0.9666043538342152,0.9538022538871092,0.9680137113788263,0.9475892414271865
0023.jpg,Kembang Kol,860.625,1174.0,689.296875,1028.0,0.986764909420847,0.9819456832651555,0.9893996728231784,0.9841909390090118,3.375,4.603921568627451,2.703125,4.031372549019608,0.40941436940448384,0.4279324145694535,0.39906084305807715,0.4199273886306414,0.7919720649059256,0.7866333332594257,0.7945440662095109,0.7888025892504894,0.8899281234492624,0.8869235216519098,0.891372013364516,0.888145590120499,0.9321154920547932,0.9077142956492705,0.9456295376179593,0.9191910527491057
0024.jpg,Kembang Kol,151.40625,232.0,203.203125,298.0,0.9976716044351491,0.9964321963522285,0.9968750480577,0.9954172177282934,0.59375,0.9098039215686274,0.796875,1.1686274509803922,0.09920086475331039,0.10497343526753554,0.10279474468754735,0.10912333354754192,0.9643366776187344,0.9629760764240413,0.9635444530236268,0.9619693551159825,0.9820064549781403,0.9813134445344368,0.9816030017393115,0.9808003645574274,0.9301616814338713,0.8933974602113429,0.9062696250823011,0.8630708756162939
0025.jpg,Kembang Kol,0.0,0.0,0.0,0.0,1.0,1.0,1.0,1.0,0.0,0.0,0.0,0.0,0.0,0.0,0.0,0.0,1.0,1.0,1.0,1.0,1.0,1.0,1.0,1.0,1.0,1.0,1.0,1.0
0026.jpg,Kembang Kol,1027.96875,1410.0,896.484375,1536.0,0.9841914195860118,0.9783163657613878,0.9862134473133823,0.9763786792975118,4.03125,5.529411764705882,3.515625,6.023529411764706,0.7679381245376493,0.7915722441724251,0.7594604925424221,0.7988553274716566,0.4907795646693879,0.4847389279342921,0.49274177947258874,0.4828890011693666,0.700556610610012,0.6962319498086051,0.7019556819861128,0.6949021522267481,0.9679763916242117,0.956109530895771,0.9720724345559986,0.9521874038694357
0027.jpg,Kembang Kol,872.578125,1246.0,878.5546875,1356.0,0.9865810887183588,0.9808384338572265,0.9864891783671148,0.9791468028173345,3.421875,4.886274509803922,3.4453125,5.317647058823529,0.6769732886919324,0.7010338596541872,0.6773593040097535,0.7074575377913692,0.5703668740876406,0.563866064349012,0.5702774375202747,0.5622420995917194,0.7552263727437228,0.7509101573084572,0.7551671586610972,0.7498280466825173,0.9677730345845543,0.9540856491620615,0.9675523019447225,0.9500322152999642
0028.jpg,Kembang Kol,5.9765625,4.0,3.984375,8.0,0.9999080896487559,0.9999384861440039,0.9999387264325039,0.9998769722880079,0.0234375,0.015686274509803925,0.015625,0.03137254901960785,0.0011950526635366135,0.0010509189178534617,0.0010471735157893346,0.0013159457084963714,0.9997855551725899,0.9998154669462148,0.9998161877342848,0.9997539634964282,0.9998927718373556,0.9999077292161587,0.9999080896433856,0.999876974180538,0.24995404130155036,0.49996924070684856,0.4999693608677002,-6.151858630288676e-05
0029.jpg,Kembang Kol,79.6875,104.0,71.71875,100.0,0.9987745286500784,0.9984006397441023,0.9988970757850706,0.9984621536000984,0.3125,0.40784313725490196,0.28125,0.39215686274509803,0.018166777852169136,0.01961418296822983,0.01767569060330946,0.019392559625806598,0.9955642741260874,0.995178860997626,0.9956865377987131,0.9952401828120111,0.99777967213513,0.9975865180512545,0.9978409381252671,0.9976172526635709,0.6184338867883171,0.5039609189331924,0.6565904981094854,0.5230393451280698
0030.jpg,Kembang Kol,525.9375,752.0,492.0703125,770.0,0.9919118890905176,0.9884353950727403,0.9924327144142342,0.988158582720758,2.0625,2.949019607843137,1.9296875,3.019607843137255,0.6142995084179339,0.6309527865885409,0.6118498307447726,0.6321423205486264,0.6114484104859008,0.607062295177926,0.6119610898414972,0.6067919578442681,0.7819516676150137,0.7791420250364666,0.7822794192879532,0.7789685217287462,0.9787447471738285,0.9696865512479095,0.9801134566361198,0.9689609633788435
0031.jpg,Kembang Kol,2203.359375,3014.0,2215.3125,3438.0,0.9661157171746686,0.9536493095069665,0.9659318964721804,0.9471288407713838,8.640625,11.819607843137256,8.6875,13.48235294117647,0.7361434921180203,0.7753839690919118,0.7367372468868996,0.7938555788324073,0.5649740864578828,0.5525429238244364,0.5648027543680616,0.5466693476808746,0.7516475812891855,0.7433323104940591,0.7515336016227495,0.7393709134668977,0.9157700570182894,0.8850565924060406,0.9153131133854772,0.8688867168851917
0032.jpg,Kembang Kol,1033.9453125,1408.0,942.3046875,1546.0,0.9840995092347676,0.9783471226893857,0.9855088012871774,0.9762248946575216,4.0546875,5.52156862745098,3.6953125,6.0627450980392155,0.6590453398337933,0.6821681434415574,0.653346077908314,0.689879267447704,0.5936989839019247,0.5871884287843036,0.595065465543601,0.5851625796188465,0.7705186460442892,0.7662822122327411,0.7714048648690265,0.7649592012773273,0.95929704713294,0.9447096395151982,0.9629046306240474,0.9392905558881366
0033.jpg,Kembang Kol,1113.6328125,1678.0,1147.5,1786.0,0.9828740378848461,0.9741949374096515,0.9823532125611294,0.9725340632977578,4.3671875,6.580392156862745,4.5,7.003921568627451,0.7731687377209012,0.8067223242086534,0.7752665448534504,0.812688583899693,0.48965125858669134,0.48095494977902353,0.4891485363389382,0.4793825292700099,0.6997508546523479,0.6935091562330115,0.6993915472315476,0.6923745585086225,0.9652975149450097,0.9477522344161375,0.9642421620900279,0.9443894461664014
0034.jpg,Kembang Kol,964.21875,1238.0,820.78125,1366.0,0.985171796665949,0.9809614615692186,0.9873776450958078,0.9789930181773445,3.78125,4.854901960784313,3.21875,5.356862745098039,0.7702279050777835,0.787278684679048,0.7607962707877031,0.7949378204358368,0.48547306071057406,0.48146388365992376,0.4876183894302973,0.4795742397602081,0.6967589688770243,0.6938759857927955,0.6982967774738025,0.6925129888747272,0.9703382958889889,0.9619116547121584,0.9747507807980649,0.9579736028568727
0035.jpg,Kembang Kol,986.1328125,1622.0,1093.7109375,1508.0,0.9848347920447206,0.9750561313935964,0.9831804057223265,0.9768092762894842,3.8671875,6.36078431372549,4.2890625,5.913725490196079,0.5205758665522289,0.5566916662086953,0.5268734717054404,0.5507593313790455,0.7105256119566393,0.7002748156632745,0.7089241170388193,0.7019435980098745,0.8429268129301851,0.8368242441894681,0.8419763161982761,0.837820743363325,0.9447603268371944,0.9094264084999398,0.9387341806739792,0.915792246620166
0036.jpg,Kembang Kol,342.65625,482.0,330.703125,512.0,0.9947304731953373,0.9925875803524745,0.9949142938978255,0.9921262264325039,1.34375,1.8901960784313725,1.296875,2.0078431372549024,0.4266939809158202,0.4376987464864547,0.42579844410306855,0.4397650331721624,0.761181323364211,0.7582931276690819,0.7613632433288879,0.7578388192161621,0.8724570610432418,0.8708002800120599,0.8725613120743366,0.8705393840695331,0.9774395102776597,0.9683697193203489,0.9782265041051832,0.966401029651491
0037.jpg,Kembang Kol,725.15625,1114.0,786.9140625,1116.0,0.9888482107157138,0.9828683911050965,0.9878984704195245,0.9828376341770985,2.84375,4.368627450980392,3.0859375,4.376470588235295,0.6144504954404354,0.6400347618931999,0.6185210600155746,0.640154433277415,0.620677639009035,0.6138889789675134,0.6197499694002907,0.6138592763762674,0.7878309710902682,0.783510675720193,0.7872420018014097,0.7834917206813786,0.9697200128792706,0.9536064412853462,0.9671412227673403,0.953523149438462
0038.jpg,Kembang Kol,755.0390625,1096.0,655.4296875,1048.0,0.988388658959493,0.9831452034570787,0.9899204981468951,0.9838833697290316,2.9609375,4.298039215686274,2.5703125,4.109803921568627,0.7040091112877565,0.7268652440472023,0.6971785277136334,0.7238873635261621,0.5394120176697363,0.5334693586192044,0.5409106525097017,0.5341831970993915,0.7344467425686741,0.7303898675496563,0.7354662823744551,0.730878373670607,0.9741455628848731,0.9625409641090912,0.9775564384937289,0.9641815058269412
0039.jpg,Kembang Kol,1125.5859375,1652.0,1227.1875,1920.0,0.9826902171823577,0.9745947774736259,0.9811277412112078,0.9704733491218897,4.4140625,6.478431372549019,4.8125,7.529411764705882,0.6869577625614469,0.7181854470941501,0.6930395460370156,0.7324659528711642,0.5719788465899533,0.56327520296884,0.5704728818993897,0.5593801159788157,0.7562928312432647,0.7505166240456237,0.7552965522888276,0.7479171852409969,0.9578841931783109,0.9383305957891593,0.954082589376707,0.92832611617142
0040.jpg,Kembang Kol,1223.203125,1800.0,1227.1875,1880.0,0.9811890147787039,0.9723187648017716,0.9811277412112078,0.9710884876818504,4.796875,7.0588235294117645,4.8125,7.372549019607844,0.7032407816567194,0.7366697402099357,0.7034774571130475,0.7409087625502516,0.5609188102420043,0.551523675349779,0.5608598447900147,0.5503630062137104,0.7489451316631975,0.7426463999439968,0.7489057649597943,0.7418645470796609,0.9552776722674851,0.9343353275937546,0.9551319969328514,0.9314168977090326
0041.jpg,Kembang Kol,804.84375,1134.0,856.640625,1358.0,0.9876227393657921,0.9825608218251161,0.9868261829883431,0.9791160458893365,3.15625,4.447058823529412,3.359375,5.325490196078431,0.6857146136922522,0.707535874042454,0.6891146733331714,0.720825005732872,0.5591029141435986,0.5532730971925298,0.5583266990160034,0.5499602869449112,0.7477318464152765,0.7438232970219001,0.747212619684654,0.7415930736899524,0.9711261131192397,0.9594045909112502,0.9692678926764184,0.9513857446714972
0042.jpg,Kembang Kol,446.25,634.0,402.421875,562.0,0.9931373604404392,0.9902500538246239,0.9938113696828961,0.9913573032325531,1.75,2.4862745098039216,1.578125,2.2039215686274507,0.6563422380927322,0.6709155200461496,0.6530104451010752,0.6658240858818962,0.5684406618135153,0.5646729938105313,0.5691058844742708,0.565759894377122,0.7539500393351772,0.7514472661541403,0.7543910686601948,0.7521701232946719,0.9838426202582476,0.9770948131373989,0.9854295057685983,0.9796960330965586
0043.jpg,Kembang Kol,1346.71875,1918.0,1103.671875,1812.0,0.9792895341863255,0.9705041060498878,0.9830272218035863,0.9721342232337833,5.28125,7.52156862745098,4.328125,7.105882352941176,0.7937422561586644,0.8258455968168628,0.7789628651258602,0.8201038320241919,0.4799115893676711,0.47165376981408236,0.4835084819390379,0.47319040294589915,0.6927565152112761,0.686770536506978,0.6953477417372101,0.6878883651770098,0.958562400234745,0.9409742406765447,0.9660407836243324,0.9442363525056825
0044.jpg,Kembang Kol,717.1875,1000.0,593.671875,972.0,0.9889707578507059,0.9846215360009842,0.9908702384430843,0.9850521329929567,2.8125,3.9215686274509807,2.328125,3.811764705882353,0.7044464428668956,0.7238805999279266,0.6958283331910238,0.7221054598663665,0.5371099499178501,0.5320405114349153,0.5389711669077099,0.5324580562203548,0.7328778547055779,0.7294110716426748,0.734146556831611,0.7296972359961046,0.9755976902182906,0.9660377358490566,0.9798003102362516,0.966988679245283
0045.jpg,Kembang Kol,884.53125,1130.0,741.09375,1288.0,0.9863972680158706,0.9826223356811122,0.9886031164457294,0.9801925383692677,3.46875,4.431372549019608,2.90625,5.0509803921568635,0.6280668525713431,0.644267848763874,0.6187638100360574,0.6535320736951293,0.6153788825962371,0.6107425401255632,0.6175296178903547,0.6084030605446903,0.7844608865942502,0.7815001856209397,0.7858305274614589,0.7800019618851547,0.9633544630501685,0.9533079140341978,0.9692969825555464,0.9467792860849972
0046.jpg,Kembang Kol,739.1015625,1216.0,826.7578125,1112.0,0.9886337532294774,0.9812997877771967,0.9872857347445637,0.9828991480330944,2.8984375,4.768627450980392,3.2421875,4.36078431372549,0.5959751461491769,0.6264932930539822,0.6016718546547308,0.6203804008765628,0.637646185417718,0.6295619983500859,0.6363306081757917,0.6311041226417365,0.7985275107456963,0.7934494302412006,0.797703333436555,0.7944206207304393,0.9676277853590677,0.946886739284453,0.9637884930566388,0.9514293207930196
0047.jpg,Kembang Kol,77.6953125,148.0,113.5546875,148.0,0.9988051654338264,0.9977239873281457,0.9982537033263618,0.9977239873281457,0.3046875,0.580392156862745,0.4453125,0.580392156862745,0.047149917566992605,0.05213851177587607,0.04971683592254392,0.05213851177587607,0.9855379475817593,0.9844088229751046,0.9849880989658424,0.9844088229751046,0.9927426391476087,0.9921737866800879,0.9924656663914588,0.9921737866800879,0.909949015251282,0.8291295234326407,0.8683870222903354,0.8291295234326407
0048.jpg,Kembang Kol,992.109375,1432.0,1079.765625,1710.0,0.9847428816934765,0.9779780395534095,0.9833948632085627,0.973702826561683,3.890625,5.6156862745098035,4.234375,6.705882352941177,0.6886140543818114,0.7158702906760158,0.6940514721121058,0.7313010024709282,0.5648406867438306,0.5573897949817013,0.5635355997580558,0.5533210971854347,0.7515588378456012,0.7465854237672346,0.7506900823629254,0.7438555620451021,0.9636846201242222,0.9476995556676902,0.960476032344033,0.9375462571171438
0049.jpg,Kembang Kol,103.59375,128.0,79.6875,116.0,0.998406887245102,0.9980315566081259,0.9987745286500784,0.9982160981761141,0.40625,0.5019607843137256,0.3125,0.4549019607843137,0.017761986603397478,0.019002500164305082,0.016440162286257266,0.018431375704614995,0.9956864026343533,0.9953017392387898,0.9960530134330846,0.9954855911598192,0.9978408703968551,0.99764810391179,0.9980245555261076,0.9977402423275404,0.4149326809604759,0.27991329059693,0.549948216123443,0.34742141960346773
0050.jpg,Kembang Kol,1095.703125,1744.0,1320.8203125,1936.0,0.9831497689385784,0.9731799587857164,0.97968781237505,0.9702272936979054,4.296875,6.83921568627451,5.1796875,7.592156862745099,0.7713905636949475,0.8097305583855927,0.7851029731766626,0.8201523917302116,0.490564497053417,0.4806234940247895,0.4872311458858972,0.47783788809822497,0.7004030961192398,0.6932701450551505,0.698019445206147,0.691258192065906,0.9658114187644555,0.9456278292660563,0.9587872193469708,0.939641902212778
0051.jpg,Kembang Kol,87.65625,154.0,119.53125,146.0,0.9986519815150863,0.9976317165441515,0.9981617929751176,0.9977547442561436,0.34375,0.6039215686274509,0.46875,0.5725490196078431,0.04303555976777042,0.04756705471964863,0.045232345865897354,0.047066040122462724,0.987230805628394,0.9861697805578872,0.9867421714492323,0.986292242551256,0.9935948900977671,0.9930608141286651,0.993348967608681,0.993122471073561,0.881988752792543,0.793475638051044,0.8390755719898314,0.8042041763341069
0052.jpg,Kembang Kol,0.0,0.0,0.0,0.0,1.0,1.0,1.0,1.0,0.0,0.0,0.0,0.0,0.0,0.0,0.0,0.0,1.0,1.0,1.0,1.0,1.0,1.0,1.0,1.0,1.0,1.0,1.0,1.0
0053.jpg,Kembang Kol,852.65625,1296.0,864.609375,1330.0,0.9868874565558392,0.9800695106572757,0.986703635853351,0.979546642881309,3.34375,5.08235294117647,3.390625,5.215686274509804,0.7333432953801102,0.761784878850585,0.7341306516754801,0.7637988601701067,0.5160388901654411,0.508733748250791,0.5158599212892878,0.508231988495242,0.718358469126272,0.7132557383230723,0.7182338903792328,0.7129039125262548,0.9721609772392306,0.9577498100861173,0.9717707105650142,0.9566413946099814
0054.jpg,Kembang Kol,990.1171875,1408.0,944.296875,1588.0,0.9847735184772245,0.9783471226893858,0.9854781645034294,0.9755789991695629,3.8828125,5.52156862745098,3.703125,6.227450980392156,0.7375941125165457,0.7637212468769331,0.7346645058048823,0.7739978645796828,0.5184682358122477,0.5115309173519014,0.5191519299968761,0.5088902933704409,0.720047384421503,0.7152138962239907,0.720521984395255,0.7133654697071067,0.9673622479990471,0.9536616355410865,0.9688726469850067,0.9477376969028731
0055.jpg,Kembang Kol,2478.28125,3452.0,2440.4296875,3708.0,0.9618878410174392,0.9469135422753976,0.9624699399086518,0.9429766554916494,9.71875,13.537254901960784,9.5703125,14.541176470588235,0.7873463112998298,0.8328237837549686,0.7855054212417201,0.843718697753076,0.5269169840213199,0.5124115794342252,0.5274550592583082,0.5089081352645694,0.7258904766018907,0.71582929489804,0.7262610131752276,0.7133779750346722,0.9126701434074628,0.87860754975774,0.9140039595451301,0.86960509690084
0056.jpg,Kembang Kol,828.75,1202.0,958.2421875,1438.0,0.9872550979608157,0.981515086273183,0.9852637070171932,0.9778857687694154,3.25,4.713725490196079,3.7578125,5.63921568627451,0.716608756907723,0.7410101497892243,0.7250275111562126,0.7549154348209022,0.5309768497242647,0.5246039905687947,0.5290401556417604,0.5211219689703234,0.7286815832201777,0.7242955132877703,0.7273514663776793,0.7218877814247332,0.972077196644185,0.9595733266941495,0.9677142586198391,0.95163597652761
0057.jpg,Kembang Kol,850.6640625,1276.0,836.71875,1240.0,0.9869180933395871,0.9803770799372559,0.9871325508258235,0.9809307046412205,3.3359375,5.003921568627451,3.28125,4.862745098039215,0.49783194215410465,0.5235339073301583,0.4969745073367281,0.5215476659031693,0.7242393339363166,0.717072132638779,0.7244482295158413,0.7176043442316052,0.8510225225787603,0.8468011175233409,0.8511452458398868,0.8471153075181709,0.9502297021652478,0.9255821496995486,0.9510456086871291,0.9276817128741695
0058.jpg,Kembang Kol,922.3828125,1266.0,589.6875,934.0,0.9858151691246579,0.980530864577246,0.9909315120105804,0.9856365146249193,3.6171875,4.964705882352941,2.3125,3.6627450980392156,0.42524260392515745,0.4452091645257699,0.40485395079312586,0.4268606512630736,0.7821171272392229,0.7763155238698747,0.7871145731960063,0.7812485096008234,0.8843738616892874,0.8810876936320667,0.8871947774846324,0.8838826333856907,0.9304310159363646,0.9048387279268133,0.9555239324344792,0.9297941326095129
0059.jpg,Kembang Kol,428.3203125,676.0,460.1953125,666.0,0.9934130914941716,0.9896041583366653,0.9929229029542029,0.9897579429766554,1.6796875,2.650980392156863,1.8046875,2.611764705882353,0.7302627030691735,0.7486716065052004,0.7327023719953727,0.7479701719394799,0.495971574090344,0.4919754966038702,0.4954880761568568,0.4921261097194303,0.7042524931374713,0.7014096496369794,0.7039091391343465,0.7015170060087141,0.9867593748787602,0.9791134467856625,0.9857740260325282,0.979422419466348
0060.jpg,Kembang Kol,101.60156250000001,156.0,105.5859375,138.0,0.9984375240288501,0.9976009596161536,0.9983762504613539,0.9978777719681358,0.39843750000000006,0.6117647058823529,0.4140625,0.5411764705882353,0.034058017477592545,0.03750239932293754,0.034318505779042704,0.03643717773658695,0.9905971650589619,0.9897332679989849,0.9905360857865664,0.9900088330265426,0.9952874786005106,0.9948533902032927,0.9952567938911878,0.9949918758595683,0.8007720823837792,0.695293756055736,0.7929592228694174,0.7304521688185356
0061.jpg,Kembang Kol,802.8515625,1132.0000000000002,820.78125,1328.0,0.9876533761495402,0.9825915787531143,0.9873776450958078,0.9795773998093071,3.1484375,4.43921568627451,3.21875,5.207843137254902,0.739220066457083,0.7610049226434468,0.7404194330855289,0.7728481340553401,0.5078669515255552,0.5023324408543073,0.507598101166018,0.49943224853186186,0.7126478453805605,0.7087541469750335,0.712459192632124,0.7067052062436372,0.9742741848550661,0.9637743071523427,0.9736996629287525,0.9575020140444442
0062.jpg,Kembang Kol,0.0,0.0,0.0,0.0,1.0,1.0,1.0,1.0,0.0,0.0,0.0,0.0,0.0,0.0,0.0,0.0,1.0,1.0,1.0,1.0,1.0,1.0,1.0,1.0,1.0,1.0,1.0,1.0
0063.jpg,Kembang Kol,689.296875,972.0,605.625,958.0,0.9893996728231784,0.9850521329929566,0.9906864177405961,0.9852674314889429,2.703125,3.811764705882353,2.375,3.7568627450980396,0.6048128038802061,0.6241150739392232,0.5991065244472455,0.6232475493657195,0.627662362902039,0.6224497482336444,0.6289235026980309,0.6226586596909686,0.7922514518144091,0.7889548454972847,0.793046973828178,0.7890872319908417,0.9707046999113241,0.9588008760517608,0.974260776800701,0.9593942790715914
0064.jpg,Kembang Kol,515.9765625000001,728.0,537.890625,800.0,0.992065073009258,0.9888044782087166,0.9917280683880294,0.9876972288007875,2.0234375000000004,2.854901960784314,2.109375,3.1372549019607843,0.34597410273248996,0.3600853853537697,0.3474016619774676,0.36435391772333914,0.8271782877040983,0.8233979368240502,0.826846739854413,0.8223166896593318,0.9094934236728148,0.907412770917431,0.9093111347907343,0.906816789467052,0.9518941079019902,0.9323652623648662,0.9498510005155881,0.9256761124888637
0065.jpg,Kembang Kol,527.9296875,890.0000000000001,613.59375,842.0,0.9918812523067697,0.986313167040876,0.9905638706056039,0.9870513333128287,2.0703125,3.490196078431373,2.40625,3.3019607843137253,0.44467236918449227,0.46870247149845357,0.4503966621640638,0.4658093805833572,0.7546262883791692,0.748397931827894,0.753332013603542,0.7491164474196701,0.8686922863587366,0.8650999548190337,0.8679470108270101,0.8655151341367002,0.9657894542622969,0.9425161369613948,0.9602383091048583,0.9456163902488703
0066.jpg,Kembang Kol,69.72656250000001,108.0,55.78125,62.00000000000001,0.9989277125688187,0.9983391258881064,0.9991421700550549,0.9990465352320611,0.27343750000000006,0.4235294117647059,0.21875,0.2431372549019608,0.03333683573868049,0.036060467556750395,0.032299180892795376,0.03286017996654029,0.9905694727914146,0.9899498426728193,0.990783519634876,0.9906554134311754,0.9952735668103593,0.994962231782101,0.9953810926649531,0.9953167402546665,0.8717243618837203,0.8020857440749726,0.8973794895069765,0.8863825567837808
0067.jpg,Kembang Kol,258.984375,338.0,199.21875,320.0,0.9960172181127549,0.9948020791683327,0.9969363216251962,0.9950788915203149,1.015625,1.3254901960784315,0.78125,1.2549019607843137,0.10274644545891849,0.10779061649185553,0.09887476657599098,0.1067325888733513,0.9643813283202374,0.9630552396595461,0.9652939693417196,0.9633292551100846,0.9820291891386108,0.9813537790519513,0.9824937502812522,0.9814933800643204,0.8741664998554304,0.8364059621503934,0.9032049998887927,0.8451180706749287
0068.jpg,Kembang Kol,85.66406250000001,126.00000000000001,109.5703125,154.0,0.9986826182988344,0.9980623135361241,0.9983149768938578,0.9976317165441515,0.33593750000000006,0.49411764705882355,0.4296875,0.6039215686274509,0.04305402733087514,0.04594349126169468,0.04472576109266449,0.0477323786550615,0.9872007925700154,0.9865377265804816,0.9868342493534639,0.9861089771612107,0.9935797867156997,0.9932460554064544,0.9933953137364118,0.9930301995212486,0.8852791174064246,0.8319167385789178,0.8532639873803104,0.7945649027075662
0069.jpg,Kembang Kol,1211.25,1486.0,892.5,1688.0,0.9813728354811921,0.9771476024974626,0.9862747208808784,0.9740411527696613,4.75,5.827450980392157,3.5,6.6196078431372545,0.6200210897058254,0.6366242224693129,0.600799096889064,0.6474845216760149,0.6350153115876406,0.6299977307991292,0.6397586795230501,0.6270428676398528,0.7968784798120981,0.7937239638559045,0.7998491604815561,0.7918603839313171,0.946272788330438,0.9342691842700273,0.9604115282434807,0.925334039736074
0070.jpg,Kembang Kol,1043.90625,1452.0,976.171875,1584.0,0.9839463253160274,0.9776704702734291,0.9849879759634608,0.9756405130255591,4.09375,5.694117647058824,3.828125,6.211764705882353,0.6634064900295016,0.6884216287471765,0.659212785282752,0.6957494179771365,0.5901532468168795,0.5831462104969237,0.5911625528830557,0.5812110016539052,0.7682143234910942,0.7636401053486673,0.7688709598385517,0.7623719575469085,0.9592592342258582,0.9434719012547969,0.9619027190279971,0.9383329831870513
0071.jpg,Kembang Kol,436.2890625,644.0,510.0,754.0,0.9932905443591794,0.9900962691846339,0.992156983360502,0.9884046381447421,1.7109375,2.5254901960784317,2.0,2.9568627450980394,0.39036357162213453,0.40509243875492207,0.39540755264739014,0.41194738814475906,0.7925330340756861,0.7887052515956289,0.7914159522667062,0.7870499641917513,0.8902432443302707,0.8880907901761108,0.8896156205163589,0.8871583647758451,0.9665862660066954,0.9508465202952562,0.960941023277233,0.9424507396003463
0072.jpg,Kembang Kol,886.5234375,1218.0,739.1015625,1308.0,0.9863666312321224,0.9812690308491987,0.9886337532294773,0.9798849690892873,3.4765625,4.776470588235294,2.8984375,5.129411764705883,0.5153165452417775,0.5357615794301209,0.50610819930119,0.5407557268729495,0.7114171321389309,0.7056190409715839,0.7136276100801073,0.7042887248435044,0.8434554713432896,0.8400113338351953,0.8447648253094511,0.8392191161094368,0.9504477063615305,0.9321332642024297,0.9586878630564669,0.9271184807691116
0073.jpg,Kembang Kol,310.78125,416.0,270.9375,416.0,0.9952206617353059,0.9936025589764095,0.9958333974102667,0.9936025589764095,1.21875,1.6313725490196078,1.0625,1.6313725490196078,0.12514447109331311,0.13172057888655853,0.12263372678009334,0.13172057888655853,0.9545916351470888,0.9528355668368167,0.9551988985794225,0.9528355668368167,0.9770320543089099,0.976132965756621,0.9773427743526948,0.976132965756621,0.8824304889118503,0.843227620276831,0.8975035031539207,0.843227620276831
0074.jpg,Kembang Kol,1631.6015625,2260.0,1543.9453125,2540.0,0.9749084741103559,0.9652446713622245,0.9762564925952697,0.9609387014424999,6.3984375,8.862745098039216,6.0546875,9.96078431372549,0.7998990027551898,0.8327752428410309,0.7949422347218992,0.8467717357207448,0.48572927273314354,0.4772935438281878,0.4870114793964462,0.473305369640902,0.6969428044919781,0.6908643454602269,0.6978620776317095,0.6879719250382983,0.9487719876510797,0.9289476546994248,0.9515241641386897,0.9201447092639553
0075.jpg,Kembang Kol,1400.5078125,1900.0,1332.7734375,2208.0,0.9784623410251284,0.97078091840187,0.9795039916725616,0.9660443514901731,5.4921875,7.450980392156863,5.2265625,8.658823529411764,0.7696364785544565,0.798193804671476,0.7656649291506882,0.8142764378578393,0.5055580086948228,0.4975747323398078,0.5065558896180254,0.49313733312580077,0.7110260253287659,0.705389773345069,0.711727398389317,0.7022373766226067,0.9545005252212487,0.938363159353003,0.9567010688094103,0.9283715030797004
0076.jpg,Kembang Kol,573.75,1242.0,948.28125,1060.0000000000002,0.9911766062805647,0.9808999477132224,0.9854168909359333,0.9836988281610433,2.25,4.870588235294117,3.71875,4.1568627450980395,0.43673703569946154,0.47754309953477136,0.460013263022714,0.4674496485449101,0.7624623271585749,0.7517119425719945,0.7568373421768371,0.7544117792213418,0.8731908881559489,0.8670132309094218,0.8699639890115206,0.8685688108730026,0.9614342744282873,0.9167931382159029,0.9362594257911971,0.9289860921971476
0077.jpg,Kembang Kol,1284.9609375,1844.0,1071.796875,1858.0,0.9802392744825146,0.971642112385815,0.9835174103435549,0.9714268138898287,5.0390625,7.231372549019608,4.203125,7.286274509803921,0.7900455959683503,0.8218328711995304,0.7769541669362174,0.8225928558986333,0.48083452493857526,0.4727399556642885,0.4839938970475598,0.4725369114088406,0.6934223279781054,0.6875608741517281,0.6956966990345432,0.6874132028182471,0.9604617260505721,0.943249973909568,0.9670207885507097,0.9428191168785127
0078.jpg,Kembang Kol,229.1015625,310.0,231.09375,362.00000000000006,0.9964767698689755,0.9952326761603051,0.9964461330852276,0.9944329960323564,0.8984375,1.2156862745098038,0.90625,1.4196078431372552,0.35541559874148404,0.36250296287010036,0.3555731030882637,0.36631002214037,0.8101483062779341,0.8082688956026585,0.8101178858491926,0.8074774675874377,0.9000823886055843,0.8990377609436984,0.9000654897557137,0.8985975003233859,0.9810922574123933,0.9745040481314494,0.9809278422594576,0.9702273078180154
0079.jpg,Kembang Kol,318.75,490.0,320.7421875,488.0,0.9950981146003137,0.9924645526404823,0.9950674778165657,0.9924953095684803,1.25,1.9215686274509802,1.2578125,1.9137254901960783,0.49483494531505845,0.5085638430041683,0.4949891767220436,0.508422165234911,0.7051193355808162,0.7016250279629535,0.7050889996297998,0.7016553227612896,0.8397138414845954,0.8376306035257747,0.8396957780230884,0.8376486869573005,0.9830968462398083,0.9740953528676483,0.9829912015288071,0.9742010861212493
0080.jpg,Kembang Kol,553.828125,730.0,543.8671875,860.0,0.9914829741180451,0.9887737212807184,0.9916361580367853,0.9867745209608465,2.171875,2.8627450980392153,2.1328125,3.372549019607843,0.5814877901190426,0.5945888485489678,0.5807856710535222,0.6030054645085743,0.6420984923917485,0.6384731687942458,0.6422490927092344,0.636522823194758,0.8013104843890092,0.7990451606725654,0.8014044501431437,0.7978238046052261,0.9756274463588914,0.9679634555309012,0.9760658016402064,0.9622583174747604
0081.jpg,Kembang Kol,17.929687500000004,24.0,13.9453125,26.0,0.9997242689462678,0.9996309168640236,0.9997855425137637,0.9996001599360256,0.07031250000000001,0.09411764705882353,0.0546875,0.10196078431372549,0.005262334762514868,0.0057047035151138285,0.00495975414193607,0.005838574274819986,0.9988974769882678,0.9988009424110238,0.9989587214615474,0.9987702086604671,0.999448586465691,0.9994002913802976,0.9994792251275398,0.9993849151655567,0.6665287419735492,0.5553709344902921,0.7406334659794271,0.518318512364483
0082.jpg,Kembang Kol,685.3125,1002.0000000000001,649.453125,988.0,0.9894609463906745,0.9845907790729862,0.9900124084981392,0.9848060775689724,2.6875,3.9294117647058826,2.546875,3.8745098039215686,0.6172447869241575,0.6387326220382842,0.6148077575620154,0.6378683744687907,0.6163859922415658,0.6106636800887365,0.6169261428146626,0.6108723928823402,0.7851025361324251,0.7814497297259347,0.7854464608199992,0.7815832603647165,0.9717588027460414,0.9588163345652903,0.9732365398116555,0.9593917550404261
0083.jpg,Kembang Kol,19.921875,24.0,15.9375,24.0,0.9996936321625196,0.9996309168640236,0.9997549057300157,0.9996309168640236,0.078125,0.09411764705882353,0.0625,0.09411764705882353,0.007915254716665317,0.008247281720272025,0.007597892556819084,0.008247281720272025,0.998224214394704,0.9981557819789834,0.9982854551134179,0.9981557819789834,0.9991117126701619,0.9990774654544978,0.9991423597833383,0.9990774654544978,0.7915133676723081,0.7498153192668177,0.8332106941378464,0.7498153192668177
0084.jpg,Kembang Kol,703.2421875,1058.0,735.1171875,1166.0000000000002,0.9891852153369423,0.9837295850890413,0.9886950267969736,0.9820687109771478,2.7578125,4.149019607843137,2.8828125,4.572549019607844,0.7516167001726121,0.7752236889617543,0.7538187181216772,0.7819514377447853,0.49053217728382714,0.4850463117947271,0.4900528243907091,0.4834422186125735,0.7003800234757036,0.6964526629963641,0.7000377306907886,0.6953000924871027,0.9783167500846359,0.9673900425840143,0.9773339398901718,0.9640612378572406
0085.jpg,Kembang Kol,976.171875,1238.0,747.0703125,1408.0,0.9849879759634608,0.9809614615692185,0.9885112060944853,0.9783471226893857,3.828125,4.854901960784313,2.9296875,5.52156862745098,0.6727092462621279,0.6896667407769714,0.6578883936801145,0.6995169935759252,0.5788366666366301,0.5739870329942894,0.5822665795982914,0.5714790383316031,0.760813161450714,0.7576193193116775,0.7630639420116059,0.7559623260001804,0.9630582553684576,0.9532602014729323,0.9717282566595339,0.9468419738884398
0086.jpg,Kembang Kol,2717.34375,4022.0,2755.1953125,3940.0000000000005,0.9582114269676745,0.9381478177959586,0.9576293280764617,0.9394088518438779,10.65625,15.772549019607844,10.8046875,15.450980392156863,0.8134668257388074,0.8716653752969936,0.8152523768762274,0.8682973224603989,0.5100475144963775,0.4912182969286501,0.5095143971632005,0.4923249404119701,0.71417610888098,0.700869671856794,0.7138027718937497,0.7016587065033613,0.9071164186998871,0.8627786302569747,0.9058225858225395,0.8655762812562109
0087.jpg,Kembang Kol,1715.2734375,2510.0,1522.03125,2522.0,0.9736217291929383,0.9614000553624704,0.976593497216498,0.9612155137944822,6.7265625,9.843137254901961,5.96875,9.890196078431373,0.7972733454917348,0.8376751806619647,0.7864258697477299,0.8382643700903076,0.49153524326205666,0.4809811251432145,0.49435910363877467,0.48081086182066146,0.7010957447182636,0.6935280276551298,0.7031067512396497,0.6934052652097916,0.945361092328102,0.9199006632625696,0.951516695166864,0.9195177182263746
0088.jpg,Kembang Kol,2137.6171875,2996.0,2163.515625,3246.0,0.9671267310383539,0.9539261218589488,0.9667284528496294,0.9500815058591948,8.3828125,11.749019607843138,8.484375,12.729411764705882,0.7010466170699323,0.7422800407499741,0.7023285376489974,0.7531471225623814,0.5940508547456207,0.5809137534272818,0.5936789152797302,0.5774381434638823,0.7707469459852699,0.7621769830080687,0.7705056231331022,0.7598935079758757,0.9121388682592726,0.877178496431766,0.9110743811086394,0.8669297060806117
0089.jpg,Kembang Kol,1888.59375,2928.0,2045.9765625,2874.0,0.9709563290068588,0.9549718574108818,0.9685360230907636,0.9558022944668287,7.40625,11.48235294117647,8.0234375,11.270588235294118,0.7633215636514956,0.8154168539093631,0.7715546205097368,0.812928000464431,0.5299896829231845,0.5143109058252666,0.527715791308481,0.5150672569225956,0.7280039030961197,0.717154729347347,0.7264404939900315,0.7176818633089425,0.9342610320923336,0.8982831027667985,0.9287827847666946,0.9001590291501977
0090.jpg,Kembang Kol,324.7265625,484.00000000000006,286.875,440.0,0.9950062042490696,0.9925568234244764,0.9955883031402823,0.9932334758404331,1.2734375,1.8980392156862749,1.125,1.7254901960784312,0.47134856156909766,0.48407912178417306,0.4684124884822916,0.48094747278315175,0.7247708790451689,0.7214963708543177,0.7253475117930903,0.7221634183522411,0.8513347632072644,0.8494094247501129,0.8516733598000411,0.8498019877314015,0.9815219822004356,0.972545706777879,0.983675861575845,0.9750415516162538
0091.jpg,Kembang Kol,1057.8515625,1500.0,1069.8046875,1680.0,0.9837318678297912,0.9769323040014763,0.9835480471273029,0.9741641804816534,4.1484375,5.882352941176471,4.1953125,6.588235294117648,0.49071119869681507,0.5158370805547415,0.4913964004515632,0.5250011790548972,0.7364510358658629,0.7291129751798948,0.736273227150465,0.7264801842251248,0.8581672540162919,0.8538811247356946,0.8580636498246881,0.8523380692102899,0.9342811753580547,0.9071151691680677,0.9335385897688802,0.8959689894682357
0092.jpg,Kembang Kol,1145.5078125,1466.0,984.140625,1740.0000000000002,0.9823838493448775,0.9774551717774429,0.9848654288284686,0.9732414726417127,4.4921875,5.749019607843137,3.859375,6.8235294117647065,0.6536632354772365,0.6732262348820747,0.6438521727673697,0.6881209841786358,0.6029601905291835,0.5972513464714501,0.6053605321571032,0.5932453384311864,0.776505113009041,0.7728203843529556,0.7780491836362937,0.770224213090699,0.9536084883889523,0.9407815121735522,0.9601436404593782,0.929713390983616
0093.jpg,Kembang Kol,657.421875,940.0,637.5,994.0,0.989889861363147,0.9855442438409252,0.9901962292006274,0.9847138067849783,2.578125,3.686274509803922,2.5,3.8980392156862744,0.7256953418920167,0.7453581745177518,0.7242937165994872,0.7488206047390136,0.5135172807634083,0.5086169472274364,0.5138175521434063,0.5078111969770005,0.7166012006432925,0.7131738548400638,0.7168106808240279,0.7126087264249579,0.9787810447782364,0.9697026068739818,0.9794240434213202,0.9679621183326999
0094.jpg,Kembang Kol,175.3125,242.0,149.4140625,242.0,0.9973039630301725,0.9962784117122382,0.9977022412188971,0.9962784117122382,0.6875,0.9490196078431373,0.5859375,0.9490196078431373,0.0694130584899531,0.073735439789501,0.06769943600888129,0.073735439789501,0.9778355098549836,0.9767409109056774,0.9782318051876081,0.9767409109056774,0.9888556567340774,0.9883020342515123,0.9890560172141961,0.9883020342515123,0.8615669206476443,0.8096471016540763,0.8820172619156059,0.8096471016540763
0095.jpg,Kembang Kol,0.0,0.0,0.0,0.0,1.0,1.0,1.0,1.0,0.0,0.0,0.0,0.0,0.0,0.0,0.0,0.0,1.0,1.0,1.0,1.0,1.0,1.0,1.0,1.0,1.0,1.0,1.0,1.0
0096.jpg,Kembang Kol,1027.96875,1582.0,1167.421875,1702.0,0.9841914195860118,0.975671269953557,0.982046844723649,0.9738258542736751,4.03125,6.203921568627451,4.578125,6.674509803921569,0.4947287357754597,0.5258830608495891,0.5026752422862212,0.5319476698842648,0.7324095919387976,0.7234151431125253,0.730337390892325,0.7216629007179535,0.8558093198480592,0.8505381491223808,0.8545977948089528,0.8495074459461515,0.9372744148486842,0.9037795944703818,0.9287651300413351,0.8964809543543552
0097.jpg,Kembang Kol,962.2265625,1350.0,860.625,1412.0,0.985202433449697,0.9792390736013287,0.986764909420847,0.9782856088333898,3.7734375,5.294117647058823,3.375,5.537254901960784,0.7343070833423212,0.7588290208503612,0.727718565226843,0.7624461337625854,0.5203342403425065,0.5138245737266343,0.5218529386421389,0.5129115942600966,0.7213419718431103,0.7168155786020797,0.722393894383209,0.7161784653702571,0.9681827356629842,0.9554331669992281,0.9715423225805573,0.9533863939280816
0098.jpg,Kembang Kol,1115.625,1566.0,1012.03125,1692.0,0.982843401101098,0.9759173253775413,0.9844365138559961,0.9739796389136653,4.375,6.141176470588236,3.96875,6.635294117647059,0.6756701218854033,0.7027117388842787,0.6693252689259133,0.709583810771824,0.5819074661976462,0.5743009992459943,0.5834484750644284,0.5724603699431843,0.7628285955558078,0.7578264967959317,0.7638379900636184,0.7566111087891747,0.9572393352810408,0.9401211149616495,0.9612099684335157,0.9353032736367249
0099.jpg,Kembang Kol,659.4140625,924.0,647.4609375,1008.0,0.9898592245793989,0.9857902992649095,0.9900430452818872,0.9844985082889921,2.5859375,3.623529411764706,2.5390625,3.952941176470588,0.7217902442159878,0.7403019626979779,0.7209517589818878,0.7456840975928625,0.5174205472917567,0.512751514818259,0.5176006763286656,0.5114980858070588,0.7193195029274242,0.7160666971855757,0.7194446999795506,0.7151909435997207,0.9785395898968317,0.9699731539663415,0.9789286003518739,0.9672434406905543
0100.jpg,Kembang Kol,37.85156250000001,64.0,53.78906250000001,64.0,0.9994179011087874,0.999015778304063,0.999172806838803,0.999015778304063,0.14843750000000003,0.2509803921568628,0.21093750000000003,0.2509803921568628,0.02166920263025722,0.023661488416233934,0.022871773166328643,0.023661488416233934,0.9942234610411261,0.993801643676219,0.9939787084219412,0.993801643676219,0.9971075473794822,0.9968960044439034,0.9969848085211436,0.9968960044439034,0.8879434802641684,0.8112712975098296,0.8407617877438183,0.8112712975098296
